kk_id,kk_name,year,f_comm,teainc,lteainc,f_prot1885,provinzkey,f_prot,f_rw,f_young,f_over60,f_fem,f_ortsgeb,f_urban,sample_bal,daylab_urb,ldaylab_urb
12002,Bremerhaven,1886,0.1470755,1334.147,7.196047,0.9566793,,,,,,,,,1,,
12002,Bremerhaven,1891,0.1219818,1293.059,7.164766,0.9566793,,,,,,,,,1,,
12002,Bremerhaven,1896,0.0986933,1613.297,7.386035,0.9566793,,,,,,,,,1,,
12002,Bremerhaven,1901,0.084397,2017.479,7.609604,0.9566793,,,,,,,,,1,,
12002,Bremerhaven,1906,0.0722361,2085.55,7.642788,0.9566793,,,,,,,,,1,,
12002,Bremerhaven,1911,0.0695719,2059.83,7.630379,0.9566793,,,,,,,,,1,,
13002,Alfeld,1886,,1121.991,7.02286,0.922829,,,,,,,,,0,,
13002,Alfeld,1891,0.6103421,1169.641,7.064453,0.922829,,,,,,,,,0,,
13002,Alfeld,1896,,1281.683,7.15593,0.922829,,,,,,,,,0,,
13002,Alfeld,1901,,1853.174,7.524655,0.922829,,,,,,,,,0,,
13002,Alfeld,1906,,1891.289,7.545014,0.922829,,,,,,,,,0,,
13002,Alfeld,1911,,1879.274,7.538641,0.922829,,,,,,,,,0,,
13003,Altes Land,1886,0.4705025,1457.998,7.28482,0.9928426,,,,,,,,,1,,
13003,Altes Land,1891,0.4762514,1436.633,7.270057,0.9928426,,,,,,,,,1,,
13003,Altes Land,1896,0.4479904,1530.068,7.333067,0.9928426,,,,,,,,,1,,
13003,Altes Land,1901,0.448554,1952.417,7.576823,0.9928426,,,,,,,,,1,,
13003,Altes Land,1906,0.4261103,1936.459,7.568616,0.9928426,,,,,,,,,1,,
13003,Altes Land,1911,0.388353,1926.274,7.563343,0.9928426,,,,,,,,,1,,
13004,Aurich,1886,0.1352991,1175.694,7.069614,0.971659,8,0.9774706,0.9295643,0.2494323,0.097673,0.5190778,0.6147749,0.0971861,1,,
13004,Aurich,1891,0.1503475,1247.721,7.129074,0.971659,8,,,,,,,,1,1.825,0.60158
13004,Aurich,1896,0.1639724,1288.347,7.161115,0.971659,8,,,,,,,,1,,
13004,Aurich,1901,0.1734813,1543.243,7.341641,0.971659,8,,,,,,,,1,1.825,0.60158
13004,Aurich,1906,0.1685222,1609.487,7.383671,0.971659,8,,,,,,,,1,,
13004,Aurich,1911,0.1554689,1641.362,7.403282,0.971659,8,,,,,,,,1,,
13005,Badbergen,1886,0.6284634,1185.348,7.077792,0.5450311,8,0.5387744,0.964473,0.2468256,0.0951338,0.504985,0.6504891,0.1186983,1,,
13005,Badbergen,1891,0.622858,1214.235,7.101869,0.5450311,8,,,,,,,,1,1.6,0.4700036
13005,Badbergen,1896,0.5912904,1393.204,7.239361,0.5450311,8,,,,,,,,1,,
13005,Badbergen,1901,0.5659158,1720.61,7.450434,0.5450311,8,,,,,,,,1,1.73,0.5481214
13005,Badbergen,1906,0.5293831,1796.37,7.493523,0.5450311,8,,,,,,,,1,,
13005,Badbergen,1911,0.4713059,1930.848,7.565714,0.5450311,8,,,,,,,,1,,
13009,Bergen-Soltau,1886,1.482522,1139.717,7.038536,0.9953494,,,,,,,,,1,,
13009,Bergen-Soltau,1891,1.422935,1142.965,7.041381,0.9953494,,,,,,,,,1,,
13009,Bergen-Soltau,1896,1.428889,1278.312,7.153296,0.9953494,,,,,,,,,1,,
13009,Bergen-Soltau,1901,1.395199,1574.516,7.361703,0.9953494,,,,,,,,,1,,
13009,Bergen-Soltau,1906,1.352777,1804.957,7.498292,0.9953494,,,,,,,,,1,,
13009,Bergen-Soltau,1911,1.286142,1812.667,7.502554,0.9953494,,,,,,,,,1,,
13012,Bleckede,1886,0.7081806,1147.913,7.045701,0.9939623,,,,,,,,,0,,
13012,Bleckede,1891,0.7419726,1223.826,7.109737,0.9939623,,,,,,,,,0,,
13012,Bleckede,1896,,1367.625,7.220831,0.9939623,,,,,,,,,0,,
13012,Bleckede,1901,0.7516915,1610.262,7.384152,0.9939623,,,,,,,,,0,,
13012,Bleckede,1906,0.7672565,1735.118,7.45883,0.9939623,,,,,,,,,0,,
13012,Bleckede,1911,0.7496822,1733.986,7.458178,0.9939623,,,,,,,,,0,,
13016,Bremervoerde,1886,0.7577396,1040.619,6.947571,0.9933771,,,,,,,,,1,,
13016,Bremervoerde,1891,0.6672416,1032.762,6.939992,0.9933771,,,,,,,,,1,,
13016,Bremervoerde,1896,0.7857643,1192.281,7.083624,0.9933771,,,,,,,,,1,,
13016,Bremervoerde,1901,0.7939027,1492.087,7.307931,0.9933771,,,,,,,,,1,,
13016,Bremervoerde,1906,0.8892276,1459.676,7.28597,0.9933771,,,,,,,,,1,,
13016,Bremervoerde,1911,0.9118981,1633.055,7.398208,0.9933771,,,,,,,,,1,,
13017,Buer,1886,,1262.236,7.14064,0.7488551,8,0.5141492,0.9679787,0.2561804,0.0832421,0.5027036,0.6153506,0.0583644,0,,
13017,Buer,1891,0.7751064,1276.875,7.152171,0.7488551,8,,,,,,,,0,1.575,0.4542553
13017,Buer,1896,0.7998954,1485.245,7.303335,0.7488551,8,,,,,,,,0,,
13017,Buer,1901,0.7728403,1812.535,7.502481,0.7488551,8,,,,,,,,0,1.85,0.6151856
13017,Buer,1906,0.7664589,1860.75,7.528735,0.7488551,8,,,,,,,,0,,
13017,Buer,1911,0.7579698,1880.629,7.539361,0.7488551,8,,,,,,,,0,,
13018,Burgdorf,1886,0.791774,1109.492,7.011657,0.9789279,,,,,,,,,1,,
13018,Burgdorf,1891,0.8243008,1231.575,7.116049,0.9789279,,,,,,,,,1,,
13018,Burgdorf,1896,0.7694275,1453.618,7.281811,0.9789279,,,,,,,,,1,,
13018,Burgdorf,1901,0.7196804,1819.422,7.506274,0.9789279,,,,,,,,,1,,
13018,Burgdorf,1906,0.6796203,1903.527,7.551464,0.9789279,,,,,,,,,1,,
13018,Burgdorf,1911,0.6100147,1721.682,7.451057,0.9789279,,,,,,,,,1,,
13020,Celle,1886,0.5487524,1087.457,6.991597,0.9643294,,,,,,,,,0,,
13020,Celle,1891,,1272.134,7.148451,0.9643294,,,,,,,,,0,,
13020,Celle,1896,0.5947565,1518.647,7.325575,0.9643294,,,,,,,,,0,,
13020,Celle,1901,0.6049692,1816,7.504392,0.9643294,,,,,,,,,0,,
13020,Celle,1906,0.5775396,1856.639,7.526524,0.9643294,,,,,,,,,0,,
13020,Celle,1911,0.4939703,1856.271,7.526325,0.9643294,,,,,,,,,0,,
13022,Clausthal-Zellerfeld,1886,0.1218835,1546.118,7.343503,0.9865686,8,0.9946697,0.9244066,0.2328317,0.0836506,0.5142562,0.7528777,0.6264675,1,,
13022,Clausthal-Zellerfeld,1891,0.1388827,1485.097,7.303235,0.9865686,8,,,,,,,,1,1.45,0.3715636
13022,Clausthal-Zellerfeld,1896,0.1548055,1604.435,7.380527,0.9865686,8,,,,,,,,1,,
13022,Clausthal-Zellerfeld,1901,0.1562565,2140.339,7.668719,0.9865686,8,,,,,,,,1,1.7,0.5306283
13022,Clausthal-Zellerfeld,1906,0.1426115,2161.903,7.678744,0.9865686,8,,,,,,,,1,,
13022,Clausthal-Zellerfeld,1911,0.1314394,2128.766,7.663298,0.9865686,8,,,,,,,,1,,
13024,Dannenberg,1886,0.6640962,1229.715,7.114538,0.9935564,8,0.9935521,0.9211941,0.1963681,0.1006207,0.5097082,0.5435503,0.1063167,1,,
13024,Dannenberg,1891,0.670558,1199.861,7.089961,0.9935564,8,,,,,,,,1,1.725,0.5452271
13024,Dannenberg,1896,0.7047206,1458.975,7.28549,0.9935564,8,,,,,,,,1,,
13024,Dannenberg,1901,0.6629211,1645.317,7.405688,0.9935564,8,,,,,,,,1,1.775,0.5738005
13024,Dannenberg,1906,0.6836935,1706.93,7.442452,0.9935564,8,,,,,,,,1,,
13024,Dannenberg,1911,0.6632745,1613.71,7.386292,0.9935564,8,,,,,,,,1,,
13025,Diepholz,1886,0.8795679,1052.259,6.958694,0.9888495,8,0.9224964,0.970849,0.2429354,0.0843746,0.502483,0.6698065,0.2106373,1,,
13025,Diepholz,1891,0.868053,1138.258,7.037254,0.9888495,8,,,,,,,,1,2,0.6931472
13025,Diepholz,1896,0.8566703,1269.351,7.146261,0.9888495,8,,,,,,,,1,,
13025,Diepholz,1901,0.8456703,1517.759,7.32499,0.9888495,8,,,,,,,,1,2,0.6931472
13025,Diepholz,1906,0.8235998,1491.821,7.307753,0.9888495,8,,,,,,,,1,,
13025,Diepholz,1911,0.7656388,1611.857,7.385142,0.9888495,8,,,,,,,,1,,
13027,Einbeck,1886,0.431951,1172.65,7.067021,0.9655228,8,0.9684441,0.8740028,0.2444568,0.0865789,0.5097547,0.7179177,0.2692153,1,,
13027,Einbeck,1891,0.4644646,1229.778,7.114589,0.9655228,8,,,,,,,,1,1.56,0.4446858
13027,Einbeck,1896,0.4749497,1317.789,7.183711,0.9655228,8,,,,,,,,1,,
13027,Einbeck,1901,0.4632592,1864.644,7.530826,0.9655228,8,,,,,,,,1,1.776667,0.5747389
13027,Einbeck,1906,0.42232,1932.985,7.566821,0.9655228,8,,,,,,,,1,,
13027,Einbeck,1911,0.4060271,1825.32,7.509511,0.9655228,8,,,,,,,,1,,
13028,Elze,1886,,1175.286,7.069267,0.9249092,,,,,,,,,0,,
13028,Elze,1891,0.5436541,1304.697,7.173726,0.9249092,,,,,,,,,0,,
13028,Elze,1896,,1370,7.222566,0.9249092,,,,,,,,,0,,
13028,Elze,1901,0.5730441,1867.806,7.53252,0.9249092,,,,,,,,,0,,
13028,Elze,1906,0.5348724,1968.939,7.58525,0.9249092,,,,,,,,,0,,
13028,Elze,1911,0.4845597,1945.253,7.573147,0.9249092,,,,,,,,,0,,
13029,Emden,1886,0.11607,1662.765,7.416237,0.9316869,,,,,,,,,1,,
13029,Emden,1891,0.1229728,1610.451,7.384269,0.9316869,,,,,,,,,1,,
13029,Emden,1896,0.122309,1679.966,7.426529,0.9316869,,,,,,,,,1,,
13029,Emden,1901,0.1009116,2011.276,7.606524,0.9316869,,,,,,,,,1,,
13029,Emden,1906,0.094934,2111,7.654917,0.9316869,,,,,,,,,1,,
13029,Emden,1911,0.0887775,2005.097,7.603447,0.9316869,,,,,,,,,1,,
13033,Georgmarienhuette,1886,0.6852016,1142.565,7.041031,0.1899951,,,,,,,,,1,,
13033,Georgmarienhuette,1891,0.6789606,1180.531,7.07372,0.1899951,,,,,,,,,1,,
13033,Georgmarienhuette,1896,0.7156624,1327.133,7.190776,0.1899951,,,,,,,,,1,,
13033,Georgmarienhuette,1901,0.6670569,1745.207,7.464628,0.1899951,,,,,,,,,1,,
13033,Georgmarienhuette,1906,0.6630715,1772.077,7.479908,0.1899951,,,,,,,,,1,,
13033,Georgmarienhuette,1911,0.6456661,1846.856,7.52124,0.1899951,,,,,,,,,1,,
13035,Goslar,1886,,1240.125,7.122967,0.8711365,8,0.8778235,0.8926686,0.2312688,0.0894314,0.5093132,0.6173199,0.205386,0,,
13035,Goslar,1891,0.1879306,1359.472,7.214852,0.8711365,8,,,,,,,,0,1.5,0.4054651
13035,Goslar,1896,0.2400939,1467.856,7.291558,0.8711365,8,,,,,,,,0,,
13035,Goslar,1901,0.2406025,2027.055,7.614339,0.8711365,8,,,,,,,,0,2,0.6931472
13035,Goslar,1906,0.2080213,2066.832,7.633772,0.8711365,8,,,,,,,,0,,
13035,Goslar,1911,0.1766746,1916.986,7.558509,0.8711365,8,,,,,,,,0,,
13039,Goettingen (Stadt),1886,0.2186863,1212.693,7.100599,0.9436187,,,,,,,,,1,,
13039,Goettingen (Stadt),1891,0.2351367,1289.339,7.161885,0.9436187,,,,,,,,,1,,
13039,Goettingen (Stadt),1896,0.2419716,1430.667,7.265896,0.9436187,,,,,,,,,1,,
13039,Goettingen (Stadt),1901,0.2487852,1989.4,7.595588,0.9436187,,,,,,,,,1,,
13039,Goettingen (Stadt),1906,0.1979665,2098.147,7.64881,0.9436187,,,,,,,,,1,,
13039,Goettingen (Stadt),1911,0.1942048,2002.155,7.60198,0.9436187,,,,,,,,,1,,
13040,Grafschaft Hohnstein,1886,,1198.569,7.088883,0.9793794,,,,,,,,,0,,
13040,Grafschaft Hohnstein,1891,,1220.254,7.106814,0.9793794,,,,,,,,,0,,
13040,Grafschaft Hohnstein,1896,0.467807,1359.4,7.214799,0.9793794,,,,,,,,,0,,
13040,Grafschaft Hohnstein,1901,0.4421152,1867.763,7.532497,0.9793794,,,,,,,,,0,,
13040,Grafschaft Hohnstein,1906,0.4074852,1784.293,7.486777,0.9793794,,,,,,,,,0,,
13040,Grafschaft Hohnstein,1911,0.3683883,1827.365,7.510631,0.9793794,,,,,,,,,0,,
13044,Hameln (Gross-Berkeln),1886,,1283.266,7.157163,0.9704941,8,0.9798821,0.9487041,0.2349367,0.0873486,0.5067697,0.6533687,0.1984228,0,,
13044,Hameln (Gross-Berkeln),1891,,1340.872,7.201076,0.9704941,8,,,,,,,,0,1.75,0.5596158
13044,Hameln (Gross-Berkeln),1896,0.5269556,1419.758,7.258242,0.9704941,8,,,,,,,,0,,
13044,Hameln (Gross-Berkeln),1901,0.519345,1874.276,7.535978,0.9704941,8,,,,,,,,0,1.75,0.5596158
13044,Hameln (Gross-Berkeln),1906,0.4745129,1887.458,7.542986,0.9704941,8,,,,,,,,0,,
13044,Hameln (Gross-Berkeln),1911,0.4399254,1804.88,7.49825,0.9704941,8,,,,,,,,0,,
13045,Hannover (Stadt),1886,0.2318136,1466.756,7.290808,0.894447,8,0.9283621,0.9638935,0.2140348,0.0624684,0.4844791,0.4603244,0.6446515,0,,
13045,Hannover (Stadt),1891,0.2293926,1557.868,7.351073,0.894447,8,,,,,,,,0,2.1075,0.7455025
13045,Hannover (Stadt),1896,0.2142898,1994.022,7.597909,0.894447,8,,,,,,,,0,,
13045,Hannover (Stadt),1901,0.2105568,2430.079,7.795679,0.894447,8,,,,,,,,0,2.425,0.8858316
13045,Hannover (Stadt),1906,0.1822609,2631.085,7.875152,0.894447,8,,,,,,,,0,,
13045,Hannover (Stadt),1911,,2525.692,7.83427,0.894447,8,,,,,,,,0,,
13046,Harburg,1886,,1469.127,7.292424,0.9644276,,,,,,,,,0,,
13046,Harburg,1891,0.4353479,1473.579,7.295449,0.9644276,,,,,,,,,0,,
13046,Harburg,1896,0.1780603,1541.25,7.340349,0.9644276,,,,,,,,,0,,
13046,Harburg,1901,0.3057238,1847.023,7.52133,0.9644276,,,,,,,,,0,,
13046,Harburg,1906,0.2592814,2015.857,7.608799,0.9644276,,,,,,,,,0,,
13046,Harburg,1911,0.2295602,2153.889,7.67503,0.9644276,,,,,,,,,0,,
13048,Hedemuenden,1886,0.4811297,1146.592,7.044549,0.9637763,,,,,,,,,1,,
13048,Hedemuenden,1891,0.5395661,1186.636,7.078877,0.9637763,,,,,,,,,1,,
13048,Hedemuenden,1896,0.5823697,1316.646,7.182843,0.9637763,,,,,,,,,1,,
13048,Hedemuenden,1901,0.580303,1809.879,7.501015,0.9637763,,,,,,,,,1,,
13048,Hedemuenden,1906,0.559563,1906.592,7.553072,0.9637763,,,,,,,,,1,,
13048,Hedemuenden,1911,0.5524637,1970.006,7.585792,0.9637763,,,,,,,,,1,,
13049,Herzberg / Harz,1886,,1098.503,7.001703,0.0716305,,,,,,,,,0,,
13049,Herzberg / Harz,1891,0.4090894,1192.243,7.083591,0.0716305,,,,,,,,,0,,
13049,Herzberg / Harz,1896,0.4264561,1221.918,7.108177,0.0716305,,,,,,,,,0,,
13049,Herzberg / Harz,1901,0.4395777,1889.388,7.544008,0.0716305,,,,,,,,,0,,
13049,Herzberg / Harz,1906,0.4167378,1842.359,7.518802,0.0716305,,,,,,,,,0,,
13049,Herzberg / Harz,1911,0.3723552,1760.149,7.473154,0.0716305,,,,,,,,,0,,
13050,Hildesheim,1886,0.3431357,1526.213,7.330545,0.6295842,8,0.7958663,0.8808346,0.2454143,0.0948919,0.5167983,0.6502307,0.1367883,1,,
13050,Hildesheim,1891,0.3686266,1617.856,7.388857,0.6295842,8,,,,,,,,1,1.633333,0.4906229
13050,Hildesheim,1896,0.3362341,1561.73,7.353549,0.6295842,8,,,,,,,,1,,
13050,Hildesheim,1901,0.335032,2078.759,7.639526,0.6295842,8,,,,,,,,1,1.8,0.5877866
13050,Hildesheim,1906,0.2901885,2186.142,7.689894,0.6295842,8,,,,,,,,1,,
13050,Hildesheim,1911,0.2705863,2136.322,7.666841,0.6295842,8,,,,,,,,1,,
13051,Hohnstedt-Northeim,1886,0.5624971,1184.184,7.076809,0.9472923,,,,,,,,,0,,
13051,Hohnstedt-Northeim,1891,,1303.519,7.172823,0.9472923,,,,,,,,,0,,
13051,Hohnstedt-Northeim,1896,,1481.468,7.300788,0.9472923,,,,,,,,,0,,
13051,Hohnstedt-Northeim,1901,0.5869132,2023.819,7.612742,0.9472923,,,,,,,,,0,,
13051,Hohnstedt-Northeim,1906,0.5404475,1999.437,7.600621,0.9472923,,,,,,,,,0,,
13051,Hohnstedt-Northeim,1911,0.5212777,1873.896,7.535775,0.9472923,,,,,,,,,0,,
13052,Hoya,1886,0.9803198,1250.764,7.13151,0.9880757,8,0.9919152,0.9601002,0.2325638,0.0877847,0.5006829,0.6365819,0.1313389,1,,
13052,Hoya,1891,0.9928837,1209.034,7.097577,0.9880757,8,,,,,,,,1,1.5,0.4054651
13052,Hoya,1896,0.9771709,1380.267,7.230032,0.9880757,8,,,,,,,,1,,
13052,Hoya,1901,1.005617,1791.13,7.490602,0.9880757,8,,,,,,,,1,1.6,0.4700036
13052,Hoya,1906,0.9815963,1811.115,7.501698,0.9880757,8,,,,,,,,1,,
13052,Hoya,1911,0.9382501,1679.651,7.426341,0.9880757,8,,,,,,,,1,,
13054,Kehdingen,1886,0.3023042,1388.745,7.236156,0.9959434,,,,,,,,,1,,
13054,Kehdingen,1891,0.3132393,1322.371,7.187181,0.9959434,,,,,,,,,1,,
13054,Kehdingen,1896,0.3077117,1385.717,7.233973,0.9959434,,,,,,,,,1,,
13054,Kehdingen,1901,0.3460919,1943.031,7.572004,0.9959434,,,,,,,,,1,,
13054,Kehdingen,1906,0.3578896,2007.328,7.60456,0.9959434,,,,,,,,,1,,
13054,Kehdingen,1911,0.3617707,1812.551,7.502491,0.9959434,,,,,,,,,1,,
13055,Land Hadeln,1886,0.2950057,1345.495,7.204518,0.9954934,8,0.9964133,0.9260494,0.2335416,0.1030654,0.5025454,0.5941803,0.1041305,0,,
13055,Land Hadeln,1891,0.3119204,1388.088,7.235682,0.9954934,8,,,,,,,,0,2,0.6931472
13055,Land Hadeln,1896,0.3440571,1362.022,7.216726,0.9954934,8,,,,,,,,0,,
13055,Land Hadeln,1901,0.367713,1685.146,7.429607,0.9954934,8,,,,,,,,0,2.5,0.9162908
13055,Land Hadeln,1906,,1814.479,7.503554,0.9954934,8,,,,,,,,0,,
13055,Land Hadeln,1911,0.3532253,1742.755,7.463223,0.9954934,8,,,,,,,,0,,
13057,Leer,1886,0.1161767,1322.771,7.187484,0.9184638,8,0.9272177,0.9242151,0.2501905,0.0937311,0.5219855,0.5888152,0.1927265,0,,
13057,Leer,1891,,1337.79,7.198774,0.9184638,8,,,,,,,,0,1.75,0.5596158
13057,Leer,1896,,1387.01,7.234906,0.9184638,8,,,,,,,,0,,
13057,Leer,1901,0.157901,1727.835,7.454625,0.9184638,8,,,,,,,,0,2.1,0.7419373
13057,Leer,1906,0.1627833,1794.557,7.492513,0.9184638,8,,,,,,,,0,,
13057,Leer,1911,0.1534517,1780.647,7.484732,0.9184638,8,,,,,,,,0,,
13058,Lehe,1886,0.4562127,1153.471,7.050531,0.9764559,8,0.9775492,0.9506199,0.2586777,0.0800255,0.4993135,0.5191345,0.2944327,0,,
13058,Lehe,1891,0.4589936,1346.127,7.204987,0.9764559,8,,,,,,,,0,3,1.098612
13058,Lehe,1896,,1534.854,7.336191,0.9764559,8,,,,,,,,0,,
13058,Lehe,1901,,1864.939,7.530983,0.9764559,8,,,,,,,,0,3,1.098612
13058,Lehe,1906,0.3132786,2045.656,7.623474,0.9764559,8,,,,,,,,0,,
13058,Lehe,1911,0.2826423,2087.501,7.643723,0.9764559,8,,,,,,,,0,,
13059,Lesum,1886,,1276.596,7.151953,0.9782794,8,0.9812196,0.9584143,0.2653168,0.0879676,0.5160213,0.611415,0.0821078,0,,
13059,Lesum,1891,,1240.976,7.123653,0.9782794,8,,,,,,,,0,2,0.6931472
13059,Lesum,1896,,1397.019,7.242096,0.9782794,8,,,,,,,,0,,
13059,Lesum,1901,0.5125046,1768.711,7.478006,0.9782794,8,,,,,,,,0,2.5,0.9162908
13059,Lesum,1906,0.4657962,1888.144,7.54335,0.9782794,8,,,,,,,,0,,
13059,Lesum,1911,0.3893072,1953.547,7.577402,0.9782794,8,,,,,,,,0,,
13062,Loccum-Stolzenau,1886,0.9355547,1158.861,7.055193,0.9883717,,,,,,,,,0,,
13062,Loccum-Stolzenau,1891,,1199.464,7.08963,0.9883717,,,,,,,,,0,,
13062,Loccum-Stolzenau,1896,0.9165428,1279.083,7.153899,0.9883717,,,,,,,,,0,,
13062,Loccum-Stolzenau,1901,0.9220943,1618.541,7.38928,0.9883717,,,,,,,,,0,,
13062,Loccum-Stolzenau,1906,0.8740876,1617.128,7.388407,0.9883717,,,,,,,,,0,,
13062,Loccum-Stolzenau,1911,0.8789912,1619.718,7.390007,0.9883717,,,,,,,,,0,,
13063,Luechow,1886,0.8808134,1236.839,7.120315,0.9952507,,,,,,,,,1,,
13063,Luechow,1891,0.8940108,1318.623,7.184343,0.9952507,,,,,,,,,1,,
13063,Luechow,1896,0.9378777,1418.757,7.257536,0.9952507,,,,,,,,,1,,
13063,Luechow,1901,0.979351,1780.297,7.484536,0.9952507,,,,,,,,,1,,
13063,Luechow,1906,0.9850701,1830.75,7.512481,0.9952507,,,,,,,,,1,,
13063,Luechow,1911,0.9839368,1812.7,7.502573,0.9952507,,,,,,,,,1,,
13065,Lueneburg,1886,,1378.508,7.228757,0.9771065,,,,,,,,,0,,
13065,Lueneburg,1891,0.2630603,1517.691,7.324945,0.9771065,,,,,,,,,0,,
13065,Lueneburg,1896,0.265739,1657.057,7.412798,0.9771065,,,,,,,,,0,,
13065,Lueneburg,1901,0.3177246,2023.571,7.612619,0.9771065,,,,,,,,,0,,
13065,Lueneburg,1906,0.2695321,2106.88,7.652964,0.9771065,,,,,,,,,0,,
13065,Lueneburg,1911,0.2362486,2002.891,7.602347,0.9771065,,,,,,,,,0,,
13067,Meppen,1886,0.3628711,1098.59,7.001783,0.3125676,8,0.2555402,0.9545075,0.2239475,0.101898,0.5017412,0.676646,0.2016342,0,,
13067,Meppen,1891,,1139.712,7.03853,0.3125676,8,,,,,,,,0,1.67,0.5128237
13067,Meppen,1896,0.4066513,1290.317,7.162643,0.3125676,8,,,,,,,,0,,
13067,Meppen,1901,,1585.527,7.368672,0.3125676,8,,,,,,,,0,1.85,0.6151856
13067,Meppen,1906,0.3382054,1650.66,7.40893,0.3125676,8,,,,,,,,0,,
13067,Meppen,1911,0.3418373,1800.308,7.495713,0.3125676,8,,,,,,,,0,,
13070,Neuhaus a. d. Oste,1886,0.4858972,1140.71,7.039406,0.993538,8,0.9957533,0.9174582,0.2524445,0.0995181,0.5029263,0.6153023,0.0557062,0,,
13070,Neuhaus a. d. Oste,1891,0.5117561,1131.536,7.031331,0.993538,8,,,,,,,,0,2,0.6931472
13070,Neuhaus a. d. Oste,1896,,1273.095,7.149206,0.993538,8,,,,,,,,0,,
13070,Neuhaus a. d. Oste,1901,,1686.568,7.430451,0.993538,8,,,,,,,,0,2.1,0.7419373
13070,Neuhaus a. d. Oste,1906,0.484247,1716.923,7.448289,0.993538,8,,,,,,,,0,,
13070,Neuhaus a. d. Oste,1911,0.5112695,1708.652,7.44346,0.993538,8,,,,,,,,0,,
13071,Neustadt a. Rbge.,1886,0.7817642,1180.196,7.073436,0.9863163,,,,,,,,,1,,
13071,Neustadt a. Rbge.,1891,0.8091093,1277.786,7.152884,0.9863163,,,,,,,,,1,,
13071,Neustadt a. Rbge.,1896,0.7813498,1315.699,7.182123,0.9863163,,,,,,,,,1,,
13071,Neustadt a. Rbge.,1901,0.8124966,1913.244,7.556556,0.9863163,,,,,,,,,1,,
13071,Neustadt a. Rbge.,1906,0.8040525,1941.267,7.571096,0.9863163,,,,,,,,,1,,
13071,Neustadt a. Rbge.,1911,0.782734,1873.845,7.535748,0.9863163,,,,,,,,,1,,
13072,Nienburg,1886,0.8026615,1306.055,7.174766,0.9776366,8,0.9855427,0.959492,0.2480599,0.0826093,0.5162694,0.705909,0.2478235,1,,
13072,Nienburg,1891,0.7864383,1261.445,7.140013,0.9776366,8,,,,,,,,1,1.69,0.5247285
13072,Nienburg,1896,0.7587615,1391.014,7.237788,0.9776366,8,,,,,,,,1,,
13072,Nienburg,1901,0.7460188,1823.455,7.508488,0.9776366,8,,,,,,,,1,1.85,0.6151857
13072,Nienburg,1906,0.7675912,1751.817,7.468409,0.9776366,8,,,,,,,,1,,
13072,Nienburg,1911,0.7241453,1720.203,7.450197,0.9776366,8,,,,,,,,1,,
13073,Norden,1886,0.1185895,1427.615,7.263761,0.9674817,,,,,,,,,1,,
13073,Norden,1891,0.1132112,1530.822,7.33356,0.9674817,,,,,,,,,1,,
13073,Norden,1896,0.1105142,1527.099,7.331125,0.9674817,,,,,,,,,1,,
13073,Norden,1901,0.1124087,1819.505,7.50632,0.9674817,,,,,,,,,1,,
13073,Norden,1906,0.1160774,1941.275,7.5711,0.9674817,,,,,,,,,1,,
13073,Norden,1911,0.106306,1888.491,7.543533,0.9674817,,,,,,,,,1,,
13075,Osnabrueck,1886,,1494.736,7.309705,0.6010305,,,,,,,,,0,,
13075,Osnabrueck,1891,,1506.135,7.317302,0.6010305,,,,,,,,,0,,
13075,Osnabrueck,1896,0.1829518,1652.059,7.409778,0.6010305,,,,,,,,,0,,
13075,Osnabrueck,1901,0.1462908,2037.036,7.619251,0.6010305,,,,,,,,,0,,
13075,Osnabrueck,1906,,2280.758,7.732263,0.6010305,,,,,,,,,0,,
13075,Osnabrueck,1911,,2097.219,7.648367,0.6010305,,,,,,,,,0,,
13077,Osterode a. Harz,1886,0.4400869,1210.553,7.098833,0.980116,8,0.6317215,0.9221615,0.2486845,0.0821486,0.5369742,0.8115017,0.2626024,1,,
13077,Osterode a. Harz,1891,0.4309987,1209.839,7.098243,0.980116,8,,,,,,,,1,1.585,0.4605844
13077,Osterode a. Harz,1896,0.4202724,1336.908,7.198115,0.980116,8,,,,,,,,1,,
13077,Osterode a. Harz,1901,0.4088198,1750.223,7.467499,0.980116,8,,,,,,,,1,2,0.6931472
13077,Osterode a. Harz,1906,0.4059566,1807.223,7.499547,0.980116,8,,,,,,,,1,,
13077,Osterode a. Harz,1911,0.3668308,1911.398,7.555591,0.980116,8,,,,,,,,1,,
13082,Peine,1886,,1242.997,7.12528,0.9272925,,,,,,,,,0,,
13082,Peine,1891,,1322.156,7.187019,0.9272925,,,,,,,,,0,,
13082,Peine,1896,0.5203488,1377.58,7.228084,0.9272925,,,,,,,,,0,,
13082,Peine,1901,0.4973584,1799.099,7.495041,0.9272925,,,,,,,,,0,,
13082,Peine,1906,0.4661776,1922.709,7.561491,0.9272925,,,,,,,,,0,,
13082,Peine,1911,0.4441836,1874.57,7.536135,0.9272925,,,,,,,,,0,,
13086,Rotenburg,1886,,1114.729,7.016366,0.994347,8,0.9966283,0.9165571,0.2435796,0.0792045,0.4992595,0.6492832,0.0969277,0,,
13086,Rotenburg,1891,,1120.911,7.021897,0.994347,8,,,,,,,,0,1.65,0.5007753
13086,Rotenburg,1896,,1248.093,7.129373,0.994347,8,,,,,,,,0,,
13086,Rotenburg,1901,1.20706,1639.179,7.401951,0.994347,8,,,,,,,,0,1.75,0.5596158
13086,Rotenburg,1906,,1717.412,7.448574,0.994347,8,,,,,,,,0,,
13086,Rotenburg,1911,,1728.558,7.455043,0.994347,8,,,,,,,,0,,
13093,Springe,1886,0.6197652,1293.164,7.164847,0.9723068,8,0.9818143,0.9371417,0.2485953,0.0844291,0.5081707,0.6513618,0.1815141,1,,
13093,Springe,1891,0.6461616,1334.291,7.196155,0.9723068,8,,,,,,,,1,1.4,0.3364722
13093,Springe,1896,0.6775259,1411.573,7.25246,0.9723068,8,,,,,,,,1,,
13093,Springe,1901,0.6563995,1814.862,7.503765,0.9723068,8,,,,,,,,1,1.75,0.5596158
13093,Springe,1906,0.6487579,1931.57,7.566088,0.9723068,8,,,,,,,,1,,
13093,Springe,1911,0.6233049,1825.654,7.509694,0.9723068,8,,,,,,,,1,,
13094,Stade,1886,0.3853788,1234.391,7.118333,0.9841036,,,,,,,,,1,,
13094,Stade,1891,0.4175737,1159.939,7.056123,0.9841036,,,,,,,,,1,,
13094,Stade,1896,0.4378769,1264.422,7.14237,0.9841036,,,,,,,,,1,,
13094,Stade,1901,0.4434839,1717.5,7.448625,0.9841036,,,,,,,,,1,,
13094,Stade,1906,0.4207577,1785.226,7.4873,0.9841036,,,,,,,,,1,,
13094,Stade,1911,0.4009247,1757.397,7.471589,0.9841036,,,,,,,,,1,,
13095,Sulingen,1886,0.9532349,1069.131,6.974602,0.9920009,,,,,,,,,1,,
13095,Sulingen,1891,0.9376148,1159.588,7.05582,0.9920009,,,,,,,,,1,,
13095,Sulingen,1896,0.9422949,1249.057,7.130144,0.9920009,,,,,,,,,1,,
13095,Sulingen,1901,0.9270176,1517.327,7.324706,0.9920009,,,,,,,,,1,,
13095,Sulingen,1906,0.9492863,1474.949,7.296379,0.9920009,,,,,,,,,1,,
13095,Sulingen,1911,0.9215133,1637.345,7.400831,0.9920009,,,,,,,,,1,,
13097,Uelzen,1886,0.902534,1252.581,7.132962,0.9917112,8,0.9934647,0.9322544,0.2078065,0.0827455,0.4975717,0.5288377,0.1572928,1,,
13097,Uelzen,1891,0.8956571,1244.296,7.126325,0.9917112,8,,,,,,,,1,1.7,0.5306283
13097,Uelzen,1896,0.9688722,1402.969,7.246346,0.9917112,8,,,,,,,,1,,
13097,Uelzen,1901,1.004936,1788.121,7.48892,0.9917112,8,,,,,,,,1,1.8,0.5877866
13097,Uelzen,1906,0.9954371,1932.799,7.566724,0.9917112,8,,,,,,,,1,,
13097,Uelzen,1911,0.9609362,1704.926,7.441277,0.9917112,8,,,,,,,,1,,
13098,Uslar,1886,0.7363957,1160.307,7.056439,0.9772057,,,,,,,,,1,,
13098,Uslar,1891,0.7773195,1188.037,7.080058,0.9772057,,,,,,,,,1,,
13098,Uslar,1896,0.7908658,1271.823,7.148207,0.9772057,,,,,,,,,1,,
13098,Uslar,1901,0.7709273,1657.685,7.413177,0.9772057,,,,,,,,,1,,
13098,Uslar,1906,0.6991429,1638.4,7.401475,0.9772057,,,,,,,,,1,,
13098,Uslar,1911,0.6998711,1763.842,7.47525,0.9772057,,,,,,,,,1,,
13099,Verden,1886,0.744629,1264.204,7.142198,0.9753703,8,0.9771746,0.9373927,0.2460852,0.0801777,0.496055,0.6027507,0.1649897,1,,
13099,Verden,1891,0.743785,1273.406,7.14945,0.9753703,8,,,,,,,,1,2,0.6931472
13099,Verden,1896,0.7198541,1403.705,7.246871,0.9753703,8,,,,,,,,1,,
13099,Verden,1901,0.688661,1903.294,7.551342,0.9753703,8,,,,,,,,1,2.35,0.8544153
13099,Verden,1906,0.6678599,1986.5,7.59413,0.9753703,8,,,,,,,,1,,
13099,Verden,1911,0.6316751,1831.979,7.513152,0.9753703,8,,,,,,,,1,,
13101,Walsrode,1886,1.125601,1176.738,7.070501,0.9939082,8,0.99219,0.9423407,0.2329924,0.0779496,0.502121,0.5776839,0.0847407,1,,
13101,Walsrode,1891,1.090065,1169.884,7.06466,0.9939082,8,,,,,,,,1,1.675,0.5158131
13101,Walsrode,1896,1.047876,1282.553,7.156608,0.9939082,8,,,,,,,,1,,
13101,Walsrode,1901,1.037896,1648.823,7.407817,0.9939082,8,,,,,,,,1,1.775,0.5738004
13101,Walsrode,1906,0.9964446,1868.02,7.532634,0.9939082,8,,,,,,,,1,,
13101,Walsrode,1911,0.9952626,1721.271,7.450818,0.9939082,8,,,,,,,,1,,
13103,Weyhe-Bassum,1886,0.9513959,1201.101,7.090994,0.8827871,,,,,,,,,1,,
13103,Weyhe-Bassum,1891,0.9531065,1261.637,7.140165,0.8827871,,,,,,,,,1,,
13103,Weyhe-Bassum,1896,0.9400123,1341.583,7.201605,0.8827871,,,,,,,,,1,,
13103,Weyhe-Bassum,1901,0.9180209,1749.288,7.466964,0.8827871,,,,,,,,,1,,
13103,Weyhe-Bassum,1906,0.8774799,1706.518,7.44221,0.8827871,,,,,,,,,1,,
13103,Weyhe-Bassum,1911,0.8097667,1742.432,7.463037,0.8827871,,,,,,,,,1,,
13105,Winsen-Pattensen,1886,,1296.62,7.167516,0.9925593,,,,,,,,,0,,
13105,Winsen-Pattensen,1891,,1321.015,7.186155,0.9925593,,,,,,,,,0,,
13105,Winsen-Pattensen,1896,1.002329,1527,7.33106,0.9925593,,,,,,,,,0,,
13105,Winsen-Pattensen,1901,0.9678997,1769.325,7.478354,0.9925593,,,,,,,,,0,,
13105,Winsen-Pattensen,1906,0.9578514,1881.341,7.53974,0.9925593,,,,,,,,,0,,
13105,Winsen-Pattensen,1911,0.9195264,1713.082,7.44605,0.9925593,,,,,,,,,0,,
13107,Wittmund,1886,,1394.674,7.240416,0.9462783,,,,,,,,,0,,
13107,Wittmund,1891,0.1024343,1478.09,7.298506,0.9462783,,,,,,,,,0,,
13107,Wittmund,1896,0.0915219,1560.22,7.352582,0.9462783,,,,,,,,,0,,
13107,Wittmund,1901,0.1086975,1975.645,7.58865,0.9462783,,,,,,,,,0,,
13107,Wittmund,1906,0.1213521,2120.718,7.65951,0.9462783,,,,,,,,,0,,
13107,Wittmund,1911,0.1110748,2044.147,7.622736,0.9462783,,,,,,,,,0,,
13111,Zeven,1886,1.153332,1138.294,7.037286,0.9960938,,,,,,,,,1,,
13111,Zeven,1891,1.139107,1128.469,7.028617,0.9960938,,,,,,,,,1,,
13111,Zeven,1896,1.188432,1212.475,7.100419,0.9960938,,,,,,,,,1,,
13111,Zeven,1901,1.183439,1564.576,7.355371,0.9960938,,,,,,,,,1,,
13111,Zeven,1906,1.162524,1503.083,7.315274,0.9960938,,,,,,,,,1,,
13111,Zeven,1911,1.154982,1708.742,7.443513,0.9960938,,,,,,,,,1,,
15001,Altona,1886,,1743.296,7.463532,0.948343,,,,,,,,,0,,
15001,Altona,1891,0.0681258,1877.793,7.537853,0.948343,,,,,,,,,0,,
15001,Altona,1896,0.075984,2216.485,7.703678,0.948343,,,,,,,,,0,,
15001,Altona,1901,0.0821505,2679.057,7.89322,0.948343,,,,,,,,,0,,
15001,Altona,1906,0.0796913,3110,8.042378,0.948343,,,,,,,,,0,,
15001,Altona,1911,0.072354,2954.209,7.990986,0.948343,,,,,,,,,0,,
15002,Apenrade,1886,,1407.794,7.249779,0.9938265,7,0.9971849,0.9693263,0.2266127,0.1004188,0.5124103,0.4404546,0.2035429,0,,
15002,Apenrade,1891,0.5477866,1551.775,7.347155,0.9938265,7,,,,,,,,0,1.8,0.5877866
15002,Apenrade,1896,0.545809,1551.443,7.346941,0.9938265,7,,,,,,,,0,,
15002,Apenrade,1901,0.5058397,1813.722,7.503137,0.9938265,7,,,,,,,,0,2.5,0.9162908
15002,Apenrade,1906,0.4492452,1819.054,7.506072,0.9938265,7,,,,,,,,0,,
15002,Apenrade,1911,0.3688249,1932.924,7.566789,0.9938265,7,,,,,,,,0,,
15003,Eiderstedt,1886,,1747.869,7.466152,0.9977354,7,0.9982255,0.9642417,0.2471666,0.0930659,0.5145965,0.5265598,0.2677161,0,,
15003,Eiderstedt,1891,0.1626711,1833.295,7.51387,0.9977354,7,,,,,,,,0,2.5,0.9162908
15003,Eiderstedt,1896,0.1722059,1832,7.513164,0.9977354,7,,,,,,,,0,,
15003,Eiderstedt,1901,0.1604935,2413.836,7.788972,0.9977354,7,,,,,,,,0,2.5,0.9162908
15003,Eiderstedt,1906,0.1533595,2449.921,7.803811,0.9977354,7,,,,,,,,0,,
15003,Eiderstedt,1911,0.1431583,2115.568,7.657079,0.9977354,7,,,,,,,,0,,
15005,Flensburg,1886,,1527.339,7.331282,0.9865698,7,0.9929456,0.9788874,0.2168154,0.104017,0.499872,0.4454042,0.3544326,0,,
15005,Flensburg,1891,0.210925,1795.577,7.493082,0.9865698,7,,,,,,,,0,2,0.6931472
15005,Flensburg,1896,0.2256315,1813.214,7.502856,0.9865698,7,,,,,,,,0,,
15005,Flensburg,1901,0.201328,2143.125,7.670021,0.9865698,7,,,,,,,,0,2.6,0.9555114
15005,Flensburg,1906,0.1923647,2272.299,7.728548,0.9865698,7,,,,,,,,0,,
15005,Flensburg,1911,0.1937973,2334.74,7.755656,0.9865698,7,,,,,,,,0,,
15006,Hadersleben,1886,,1441.26,7.273273,0.994162,7,0.9985083,0.9533564,0.2342753,0.0912076,0.5166653,0.4428773,0.1482058,0,,
15006,Hadersleben,1891,0.7074448,1557.726,7.350982,0.994162,7,,,,,,,,0,1.75,0.5596158
15006,Hadersleben,1896,0.7004058,1552.789,7.347808,0.994162,7,,,,,,,,0,,
15006,Hadersleben,1901,0.6242979,1848.8,7.522292,0.994162,7,,,,,,,,0,2.5,0.9162908
15006,Hadersleben,1906,0.5155114,1836.747,7.515751,0.994162,7,,,,,,,,0,,
15006,Hadersleben,1911,0.4648991,1975.579,7.588617,0.994162,7,,,,,,,,0,,
15007,Huetten,1886,,1383.458,7.232342,0.9909191,7,0.9960163,0.9610081,0.2440298,0.0911465,0.496315,0.5219662,0.1015205,0,,
15007,Huetten,1891,0.194442,1593.451,7.373657,0.9909191,7,,,,,,,,0,2.2,0.7884574
15007,Huetten,1896,0.1983489,1550.082,7.346063,0.9909191,7,,,,,,,,0,,
15007,Huetten,1901,0.1814086,1795.296,7.492925,0.9909191,7,,,,,,,,0,2.5,0.9162908
15007,Huetten,1906,0.1670436,1802.405,7.496877,0.9909191,7,,,,,,,,0,,
15007,Huetten,1911,0.1515193,1958.357,7.579861,0.9909191,7,,,,,,,,0,,
15008,Husum-Bredstedt,1886,,1478.748,7.298951,0.9876401,7,0.99087,0.9761118,0.2441217,0.092822,0.5065315,0.6928955,0.1999326,0,,
15008,Husum-Bredstedt,1891,0.3681842,1687.01,7.430713,0.9876401,7,,,,,,,,0,2.2,0.7884574
15008,Husum-Bredstedt,1896,0.3730851,1656.711,7.41259,0.9876401,7,,,,,,,,0,,
15008,Husum-Bredstedt,1901,0.3463092,1977.295,7.589485,0.9876401,7,,,,,,,,0,2.2,0.7884574
15008,Husum-Bredstedt,1906,0.3331932,2042.755,7.622055,0.9876401,7,,,,,,,,0,,
15008,Husum-Bredstedt,1911,0.3256299,1956.104,7.57871,0.9876401,7,,,,,,,,0,,
15009,Kiel,1886,,1660.438,7.414836,0.9711537,,,,,,,,,0,,
15009,Kiel,1891,0.1062329,1786.781,7.488171,0.9711537,,,,,,,,,0,,
15009,Kiel,1896,0.0984021,1870.034,7.533712,0.9711537,,,,,,,,,0,,
15009,Kiel,1901,0.0818205,2277.978,7.731043,0.9711537,,,,,,,,,0,,
15009,Kiel,1906,0.0707019,2539.495,7.83972,0.9711537,,,,,,,,,0,,
15009,Kiel,1911,0.063016,2482.665,7.817088,0.9711537,,,,,,,,,0,,
15010,Lauenburg,1886,,1495.884,7.310472,0.9929404,,,,,,,,,0,,
15010,Lauenburg,1891,0.5220196,1512.193,7.321316,0.9929404,,,,,,,,,0,1.7,0.5306283
15010,Lauenburg,1896,0.5155042,1546.599,7.343813,0.9929404,,,,,,,,,0,,
15010,Lauenburg,1901,0.5191192,1856.648,7.526528,0.9929404,,,,,,,,,0,1.8,0.5877866
15010,Lauenburg,1906,0.4904284,1871.908,7.534713,0.9929404,,,,,,,,,0,,
15010,Lauenburg,1911,0.4330227,1912.392,7.55611,0.9929404,,,,,,,,,0,,
15015,Norderdithmarschen,1886,,1611.597,7.384981,0.9897344,7,0.9975014,0.9736279,0.2546603,0.0875393,0.4979225,0.6427007,0.1913812,0,,
15015,Norderdithmarschen,1891,0.1324015,1717.768,7.448781,0.9897344,7,,,,,,,,0,2.2,0.7884574
15015,Norderdithmarschen,1896,0.1421746,1686.496,7.430408,0.9897344,7,,,,,,,,0,,
15015,Norderdithmarschen,1901,0.1426394,1985.986,7.593871,0.9897344,7,,,,,,,,0,2.2,0.7884574
15015,Norderdithmarschen,1906,0.1345978,2110.529,7.654694,0.9897344,7,,,,,,,,0,,
15015,Norderdithmarschen,1911,0.1247408,1956.862,7.579098,0.9897344,7,,,,,,,,0,,
15016,Nordtondern,1886,,1434.189,7.268355,0.9967313,7,0.9983234,0.9681385,0.2334303,0.1034075,0.5262446,0.5471856,0.1183062,0,,
15016,Nordtondern,1891,0.5292666,1515.828,7.323717,0.9967313,7,,,,,,,,0,2.3,0.8329091
15016,Nordtondern,1896,0.5098326,1504.085,7.31594,0.9967313,7,,,,,,,,0,,
15016,Nordtondern,1901,0.4783759,1843.571,7.51946,0.9967313,7,,,,,,,,0,2.68,0.9858168
15016,Nordtondern,1906,0.4411836,1905.981,7.552752,0.9967313,7,,,,,,,,0,,
15016,Nordtondern,1911,0.392753,1867.63,7.532425,0.9967313,7,,,,,,,,0,,
15017,Oldenburg,1886,,1519.782,7.326322,0.9966443,7,0.9978943,0.8925591,0.251026,0.0987601,0.5157173,0.5513203,0.2435487,0,,
15017,Oldenburg,1891,0.1763668,1656.306,7.412345,0.9966443,7,,,,,,,,0,1.8,0.5877866
15017,Oldenburg,1896,0.1756802,1597.121,7.375958,0.9966443,7,,,,,,,,0,,
15017,Oldenburg,1901,0.1672135,1841.641,7.518412,0.9966443,7,,,,,,,,0,1.8,0.5877866
15017,Oldenburg,1906,0.1736324,1850.987,7.523474,0.9966443,7,,,,,,,,0,,
15017,Oldenburg,1911,0.1290545,1916.067,7.55803,0.9966443,7,,,,,,,,0,,
15019,Pinneberg,1886,,1597.206,7.376011,0.9883247,7,0.992337,0.9594811,0.2430131,0.095955,0.4995493,0.5535911,0.2661692,0,,
15019,Pinneberg,1891,0.1722838,1671.898,7.421715,0.9883247,7,,,,,,,,0,2,0.6931472
15019,Pinneberg,1896,0.1698161,1718.329,7.449108,0.9883247,7,,,,,,,,0,,
15019,Pinneberg,1901,0.1491961,2015.752,7.608747,0.9883247,7,,,,,,,,0,2.42,0.8837675
15019,Pinneberg,1906,0.1284218,2127.406,7.662659,0.9883247,7,,,,,,,,0,,
15019,Pinneberg,1911,0.1165701,2208.072,7.699875,0.9883247,7,,,,,,,,0,,
15020,Ploen,1886,,1610.387,7.38423,0.9872518,7,0.9966335,0.9255012,0.2463322,0.0933647,0.5000478,0.5536449,0.18824,0,,
15020,Ploen,1891,0.1923751,1731.262,7.456606,0.9872518,7,,,,,,,,0,2,0.6931472
15020,Ploen,1896,0.189739,1749.335,7.466991,0.9872518,7,,,,,,,,0,,
15020,Ploen,1901,0.1783393,1972.468,7.587041,0.9872518,7,,,,,,,,0,2.5,0.9162908
15020,Ploen,1906,0.1771291,2027.995,7.614803,0.9872518,7,,,,,,,,0,,
15020,Ploen,1911,0.1568582,1996.216,7.599009,0.9872518,7,,,,,,,,0,,
15023,Rendsburg,1886,,1482.884,7.301744,0.9865999,7,0.9873562,0.9807779,0.2213012,0.0801194,0.4746193,0.4735948,0.3074093,0,,
15023,Rendsburg,1891,0.4058683,1590.648,7.371897,0.9865999,7,,,,,,,,0,2.2,0.7884574
15023,Rendsburg,1896,0.4424577,1579.171,7.364655,0.9865999,7,,,,,,,,0,,
15023,Rendsburg,1901,0.4234199,1865.989,7.531546,0.9865999,7,,,,,,,,0,2.25,0.8109302
15023,Rendsburg,1906,0.3971518,1960.198,7.580801,0.9865999,7,,,,,,,,0,,
15023,Rendsburg,1911,0.353913,1970.371,7.585977,0.9865999,7,,,,,,,,0,,
15024,Schleswig,1886,,1412.916,7.253411,0.9848567,7,0.9858733,0.9825807,0.2250066,0.1062256,0.5005598,0.4891497,0.3212263,0,,
15024,Schleswig,1891,0.3003494,1694.142,7.434932,0.9848567,7,,,,,,,,0,1.8,0.5877866
15024,Schleswig,1896,0.3055645,1653.441,7.410614,0.9848567,7,,,,,,,,0,,
15024,Schleswig,1901,0.3025486,1941.321,7.571124,0.9848567,7,,,,,,,,0,2.5,0.9162908
15024,Schleswig,1906,0.2836603,1997.482,7.599643,0.9848567,7,,,,,,,,0,,
15024,Schleswig,1911,0.271469,2138.836,7.668017,0.9848567,7,,,,,,,,0,,
15025,Segeberg,1886,,1509.621,7.319614,0.9937932,7,0.9960209,0.937282,0.2538844,0.0857772,0.5019185,0.5267882,0.155495,0,,
15025,Segeberg,1891,0.2829958,1535.491,7.336606,0.9937932,7,,,,,,,,0,1.8,0.5877866
15025,Segeberg,1896,0.2730628,1538.122,7.338317,0.9937932,7,,,,,,,,0,,
15025,Segeberg,1901,0.2531894,1765.993,7.476469,0.9937932,7,,,,,,,,0,1.9,0.6418539
15025,Segeberg,1906,0.2283751,1830.649,7.512425,0.9937932,7,,,,,,,,0,,
15025,Segeberg,1911,0.1911737,1741.783,7.462665,0.9937932,7,,,,,,,,0,,
15027,Sonderburg,1886,,1534.161,7.335739,0.9971655,7,0.9970794,0.9780405,0.2016706,0.1065334,0.5057683,0.4849441,0.2318993,0,,
15027,Sonderburg,1891,0.4627042,1614.953,7.387062,0.9971655,7,,,,,,,,0,1.6,0.4700036
15027,Sonderburg,1896,0.5055503,1618.038,7.388969,0.9971655,7,,,,,,,,0,,
15027,Sonderburg,1901,0.4682944,1849.741,7.522801,0.9971655,7,,,,,,,,0,2.07,0.7275486
15027,Sonderburg,1906,0.3951527,1903.2,7.551292,0.9971655,7,,,,,,,,0,,
15027,Sonderburg,1911,0.3166201,2048.818,7.625019,0.9971655,7,,,,,,,,0,,
15028,Stormarn,1886,,1684.53,7.429242,0.9836595,7,0.9909695,0.9373708,0.2358378,0.0946916,0.498475,0.4781171,0.2895043,0,,
15028,Stormarn,1891,0.1370566,1725.616,7.45334,0.9836595,7,,,,,,,,0,2.1,0.7419373
15028,Stormarn,1896,0.1419648,1658.916,7.413919,0.9836595,7,,,,,,,,0,,
15028,Stormarn,1901,0.1385453,1985.175,7.593462,0.9836595,7,,,,,,,,0,2.455,0.8981267
15028,Stormarn,1906,0.1243511,2136.927,7.667124,0.9836595,7,,,,,,,,0,,
15028,Stormarn,1911,0.1110316,2065.843,7.633294,0.9836595,7,,,,,,,,0,,
15030,Suederdithmarschen,1886,,1376.213,7.227091,0.9978144,7,0.9988883,0.972945,0.2640794,0.0863882,0.503373,0.5607266,0.0816595,0,,
15030,Suederdithmarschen,1891,0.2315291,1704.931,7.44128,0.9978144,7,,,,,,,,0,2.1,0.7419373
15030,Suederdithmarschen,1896,0.2367575,1618.107,7.389012,0.9978144,7,,,,,,,,0,,
15030,Suederdithmarschen,1901,0.2262364,1923.361,7.56183,0.9978144,7,,,,,,,,0,2.1,0.7419373
15030,Suederdithmarschen,1906,0.2072103,1981.121,7.591418,0.9978144,7,,,,,,,,0,,
15030,Suederdithmarschen,1911,0.1755812,2076.199,7.638294,0.9978144,7,,,,,,,,0,,
21006,Aschersleben,1886,0.2172329,1479.634,7.299551,0.9665566,6,0.9726082,0.9708957,0.2362242,0.0683841,0.5031944,0.6607091,0.5622424,1,,
21006,Aschersleben,1891,0.2031191,1658.496,7.413667,0.9665566,6,,,,,,,,1,1.7,0.5306283
21006,Aschersleben,1896,0.1908149,1646.797,7.406587,0.9665566,6,,,,,,,,1,,
21006,Aschersleben,1901,0.1910652,1903.966,7.551694,0.9665566,6,,,,,,,,1,1.95,0.6678294
21006,Aschersleben,1906,0.198594,2083.774,7.641936,0.9665566,6,,,,,,,,1,,
21006,Aschersleben,1911,0.1915632,2048.593,7.624908,0.9665566,6,,,,,,,,1,,
21012,Bitterfeld,1886,0.4203686,1227.332,7.112598,0.9751235,6,0.994065,0.9516079,0.2575692,0.0839093,0.5145572,0.568221,0.3538775,1,,
21012,Bitterfeld,1891,0.3954864,1228.361,7.113436,0.9751235,6,,,,,,,,1,1.5,0.4054651
21012,Bitterfeld,1896,0.3580998,1453,7.281386,0.9751235,6,,,,,,,,1,,
21012,Bitterfeld,1901,0.3160795,1644.401,7.405131,0.9751235,6,,,,,,,,1,1.83,0.604316
21012,Bitterfeld,1906,0.2797393,1780.759,7.484795,0.9751235,6,,,,,,,,1,,
21012,Bitterfeld,1911,0.226676,1834.1,7.514309,0.9751235,6,,,,,,,,1,,
21022,Delitzsch,1886,0.5400879,1286.618,7.159772,0.9903044,6,0.9921859,0.9718611,0.246937,0.0803791,0.5194048,0.5407414,0.3420292,1,,
21022,Delitzsch,1891,0.5289994,1299.956,7.170085,0.9903044,6,,,,,,,,1,1.43,0.3576744
21022,Delitzsch,1896,0.5108329,1491.131,7.30729,0.9903044,6,,,,,,,,1,,
21022,Delitzsch,1901,0.5042412,1815.853,7.504311,0.9903044,6,,,,,,,,1,1.5,0.4054651
21022,Delitzsch,1906,0.4639879,1965.114,7.583305,0.9903044,6,,,,,,,,1,,
21022,Delitzsch,1911,0.3736024,1880.836,7.539472,0.9903044,6,,,,,,,,1,,
21023,Eckartsberga,1886,0.5948165,1269.824,7.146634,0.9935063,6,0.9980397,0.9776347,0.2406059,0.0867661,0.507663,0.6779532,0.2549898,1,,
21023,Eckartsberga,1891,0.6017737,1292.627,7.164432,0.9935063,6,,,,,,,,1,1.25,0.2231435
21023,Eckartsberga,1896,0.6021887,1424.828,7.261806,0.9935063,6,,,,,,,,1,,
21023,Eckartsberga,1901,0.5462749,1644.172,7.404992,0.9935063,6,,,,,,,,1,1.75,0.5596158
21023,Eckartsberga,1906,0.5257562,1703.303,7.440325,0.9935063,6,,,,,,,,1,,
21023,Eckartsberga,1911,0.5155926,1789.148,7.489495,0.9935063,6,,,,,,,,1,,
21025,Eichsfeld,1886,0.7775322,1189.098,7.08095,0.1641339,6,0.1633071,0.9081842,0.2704249,0.0813749,0.5444182,0.8182195,0.132441,1,,
21025,Eichsfeld,1891,0.7972772,1217.768,7.104775,0.1641339,6,,,,,,,,1,1.5,0.4054651
21025,Eichsfeld,1896,0.8266461,1330.459,7.193279,0.1641339,6,,,,,,,,1,,
21025,Eichsfeld,1901,0.7645737,1616.19,7.387827,0.1641339,6,,,,,,,,1,1.75,0.5596158
21025,Eichsfeld,1906,0.7356153,1628.048,7.395137,0.1641339,6,,,,,,,,1,,
21025,Eichsfeld,1911,0.7072646,1780.277,7.484524,0.1641339,6,,,,,,,,1,,
21030,Erfurt,1886,0.2958387,1464.319,7.289146,0.8549719,6,0.8509934,0.9792074,0.2291392,0.0801999,0.499891,0.6283011,0.5,1,,
21030,Erfurt,1891,0.2956935,1597.993,7.376504,0.8549719,6,,,,,,,,1,2,0.6931472
21030,Erfurt,1896,0.2935857,1691.625,7.433445,0.8549719,6,,,,,,,,1,,
21030,Erfurt,1901,0.2867112,1923.357,7.561827,0.8549719,6,,,,,,,,1,2.5,0.9162908
21030,Erfurt,1906,0.2747992,2076.335,7.63836,0.8549719,6,,,,,,,,1,,
21030,Erfurt,1911,0.2190174,2398.167,7.78246,0.8549719,6,,,,,,,,1,,
21033,Gardelegen,1886,0.8734796,1304.946,7.173917,0.9901381,6,0.9927714,0.9465519,0.2334128,0.086463,0.5027056,0.6193111,0.2199047,1,,
21033,Gardelegen,1891,0.8058878,1261.722,7.140233,0.9901381,6,,,,,,,,1,1.6,0.4700036
21033,Gardelegen,1896,0.7930721,1432.076,7.266881,0.9901381,6,,,,,,,,1,,
21033,Gardelegen,1901,0.7523044,1632.361,7.397783,0.9901381,6,,,,,,,,1,1.83,0.604316
21033,Gardelegen,1906,0.7387346,1649.413,7.408175,0.9901381,6,,,,,,,,1,,
21033,Gardelegen,1911,0.6992213,1860.31,7.528499,0.9901381,6,,,,,,,,1,,
21039,Halberstadt,1886,0.2348424,1573.175,7.360851,0.9268098,6,0.9389754,0.971353,0.2229752,0.0805585,0.5109927,0.6431121,0.6056938,1,,
21039,Halberstadt,1891,0.2167311,1609.643,7.383768,0.9268098,6,,,,,,,,1,1.85,0.6151857
21039,Halberstadt,1896,0.1906739,1702.186,7.439669,0.9268098,6,,,,,,,,1,,
21039,Halberstadt,1901,0.2029643,2036.231,7.618856,0.9268098,6,,,,,,,,1,1.95,0.6678294
21039,Halberstadt,1906,0.221122,2268.517,7.726882,0.9268098,6,,,,,,,,1,,
21039,Halberstadt,1911,0.2084341,2043.17,7.622258,0.9268098,6,,,,,,,,1,,
21042,Halle (Land),1886,0.3825994,1364.93,7.218858,0.9842904,6,0.9919746,0.9641033,0.2690867,0.0674064,0.5115355,0.5075796,0.1782616,1,,
21042,Halle (Land),1891,0.361511,1345.093,7.204218,0.9842904,6,,,,,,,,1,1.8,0.5877866
21042,Halle (Land),1896,0.3280877,1495.209,7.310021,0.9842904,6,,,,,,,,1,,
21042,Halle (Land),1901,0.2898141,1818.893,7.505983,0.9842904,6,,,,,,,,1,2,0.6931472
21042,Halle (Land),1906,0.2642097,1883.386,7.540826,0.9842904,6,,,,,,,,1,,
21042,Halle (Land),1911,0.2206941,1893.333,7.546094,0.9842904,6,,,,,,,,1,,
21043,Halle (Stadt),1886,0.1611872,1417.675,7.256773,0.9494035,6,0.9612125,0.9812981,0.2060243,0.0598213,0.490954,0.491011,1,1,,
21043,Halle (Stadt),1891,0.1746961,1573.894,7.361308,0.9494035,6,,,,,,,,1,2.2,0.7884574
21043,Halle (Stadt),1896,0.1714896,1808.902,7.500475,0.9494035,6,,,,,,,,1,,
21043,Halle (Stadt),1901,0.1558946,2197.799,7.695212,0.9494035,6,,,,,,,,1,2.45,0.8960881
21043,Halle (Stadt),1906,0.147728,2602.581,7.864259,0.9494035,6,,,,,,,,1,,
21043,Halle (Stadt),1911,0.1311947,2568.17,7.850949,0.9494035,6,,,,,,,,1,,
21052,Langensalza,1886,0.318723,1240.227,7.12305,0.9902902,6,0.9917731,0.9774994,0.2347256,0.0904671,0.5100392,0.760672,0.3844207,1,,
21052,Langensalza,1891,0.3416804,1346.064,7.20494,0.9902902,6,,,,,,,,1,1.45,0.3715636
21052,Langensalza,1896,0.3271981,1522.745,7.328269,0.9902902,6,,,,,,,,1,,
21052,Langensalza,1901,0.305978,1829.116,7.511588,0.9902902,6,,,,,,,,1,1.53,0.4252677
21052,Langensalza,1906,0.2966637,1903.735,7.551573,0.9902902,6,,,,,,,,1,,
21052,Langensalza,1911,0.2695945,1973.218,7.587421,0.9902902,6,,,,,,,,1,,
21054,Liebenwerda,1886,0.5230958,1244.557,7.126535,0.9918643,6,0.9954284,0.962414,0.2605531,0.0779422,0.5171716,0.6344159,0.2548217,1,,
21054,Liebenwerda,1891,0.5008868,1211.924,7.099965,0.9918643,6,,,,,,,,1,1.2,0.1823216
21054,Liebenwerda,1896,0.4829558,1335.79,7.197278,0.9918643,6,,,,,,,,1,,
21054,Liebenwerda,1901,0.4668694,1518.458,7.32545,0.9918643,6,,,,,,,,1,1.6,0.4700036
21054,Liebenwerda,1906,0.4427889,1602.278,7.379182,0.9918643,6,,,,,,,,1,,
21054,Liebenwerda,1911,0.3756728,1716.49,7.448037,0.9918643,6,,,,,,,,1,,
21058,Magdeburg,1886,0.0691278,1582.115,7.366518,0.9237275,6,0.9159018,0.9803857,0.1951113,0.0476211,0.4611515,0.4371098,1,1,,
21058,Magdeburg,1891,0.0900768,1755.708,7.470627,0.9237275,6,,,,,,,,1,2,0.6931472
21058,Magdeburg,1896,0.0924857,2082.173,7.641167,0.9237275,6,,,,,,,,1,,
21058,Magdeburg,1901,0.0899946,2117.681,7.658077,0.9237275,6,,,,,,,,1,2.5,0.9162908
21058,Magdeburg,1906,0.0874641,2314.548,7.74697,0.9237275,6,,,,,,,,1,,
21058,Magdeburg,1911,0.082263,2490.937,7.820414,0.9237275,6,,,,,,,,1,,
21065,Mansfeld,1886,0.2723438,1328.032,7.191454,0.9424629,6,0.9852551,0.9679835,0.2619645,0.06967,0.5042753,0.6083392,0.2886452,1,,
21065,Mansfeld,1891,0.262017,1345.459,7.20449,0.9424629,6,,,,,,,,1,1.95,0.6678294
21065,Mansfeld,1896,0.2836887,1470.431,7.293311,0.9424629,6,,,,,,,,1,,
21065,Mansfeld,1901,0.2827172,1794.212,7.492321,0.9424629,6,,,,,,,,1,2.05,0.7178398
21065,Mansfeld,1906,0.2589667,1910.011,7.554864,0.9424629,6,,,,,,,,1,,
21065,Mansfeld,1911,0.2166746,1881.005,7.539561,0.9424629,6,,,,,,,,1,,
21068,Merseburg,1886,0.3991193,1368.801,7.221691,0.9826371,6,0.9913805,0.9732559,0.2504828,0.0812046,0.5163519,0.5434663,0.3757713,1,,
21068,Merseburg,1891,0.3925228,1422.533,7.260194,0.9826371,6,,,,,,,,1,1.56,0.4446858
21068,Merseburg,1896,0.3631024,1522.274,7.32796,0.9826371,6,,,,,,,,1,,
21068,Merseburg,1901,0.3267913,1726.009,7.453568,0.9826371,6,,,,,,,,1,1.84,0.6097656
21068,Merseburg,1906,0.2944585,1811.457,7.501887,0.9826371,6,,,,,,,,1,,
21068,Merseburg,1911,0.2711289,1908.158,7.553894,0.9826371,6,,,,,,,,1,,
21070,Muehlhausen,1886,0.372761,1168.004,7.063052,0.7278279,6,0.7144155,0.9402893,0.257267,0.0807108,0.5172591,0.7894352,0.4221959,1,,
21070,Muehlhausen,1891,0.3651231,1257.405,7.136805,0.7278279,6,,,,,,,,1,1.65,0.5007753
21070,Muehlhausen,1896,0.3550132,1476.115,7.297169,0.7278279,6,,,,,,,,1,,
21070,Muehlhausen,1901,0.3419727,1752.485,7.46879,0.7278279,6,,,,,,,,1,1.85,0.6151857
21070,Muehlhausen,1906,0.3141204,1911.751,7.555775,0.7278279,6,,,,,,,,1,,
21070,Muehlhausen,1911,0.2922473,1947.479,7.574291,0.7278279,6,,,,,,,,1,,
21071,Naumburg,1886,0.4144413,1311.22,7.178713,0.9813499,6,0.9899656,0.9800521,0.2136438,0.0936247,0.5193201,0.5761944,0.6322824,1,,
21071,Naumburg,1891,0.372252,1340.024,7.200443,0.9813499,6,,,,,,,,1,1.9,0.6418539
21071,Naumburg,1896,0.3585539,1617.288,7.388506,0.9813499,6,,,,,,,,1,,
21071,Naumburg,1901,0.3347089,1982.379,7.592053,0.9813499,6,,,,,,,,1,2.05,0.7178398
21071,Naumburg,1906,0.3252966,2064.649,7.632715,0.9813499,6,,,,,,,,1,,
21071,Naumburg,1911,0.300232,2004.871,7.603335,0.9813499,6,,,,,,,,1,,
21073,Neuhaldensleben,1886,0.5018727,1513.076,7.3219,0.9422028,6,0.9593465,0.9643411,0.2419613,0.0753017,0.5054591,0.6286594,0.1066229,1,,
21073,Neuhaldensleben,1891,0.4542838,1413.849,7.254071,0.9422028,6,,,,,,,,1,1.9,0.6418539
21073,Neuhaldensleben,1896,0.4358821,1573.143,7.360831,0.9422028,6,,,,,,,,1,,
21073,Neuhaldensleben,1901,0.4129457,1736.457,7.459602,0.9422028,6,,,,,,,,1,2,0.6931472
21073,Neuhaldensleben,1906,0.3893866,1774.4,7.481218,0.9422028,6,,,,,,,,1,,
21073,Neuhaldensleben,1911,0.395015,1883.716,7.541001,0.9422028,6,,,,,,,,1,,
21074,Nordhausen,1886,0.135223,1238.679,7.121801,0.9559249,6,0.9545563,0.9583609,0.2424883,0.0679917,0.5121316,0.6795265,0.5046318,1,,
21074,Nordhausen,1891,0.1707996,1311.905,7.179235,0.9559249,6,,,,,,,,1,1.465,0.3818553
21074,Nordhausen,1896,0.1634489,1505.109,7.316621,0.9559249,6,,,,,,,,1,,
21074,Nordhausen,1901,0.1881081,1772.208,7.479981,0.9559249,6,,,,,,,,1,1.65,0.5007753
21074,Nordhausen,1906,0.1769254,1903.083,7.55123,0.9559249,6,,,,,,,,1,,
21074,Nordhausen,1911,0.1581718,1813.735,7.503144,0.9559249,6,,,,,,,,1,,
21076,Oschersleben,1886,0.2561198,1490.44,7.306827,0.8776398,6,0.9080183,0.9767578,0.2401088,0.0701046,0.5064698,0.629178,0.4073164,1,,
21076,Oschersleben,1891,0.2544691,1465.372,7.289865,0.8776398,6,,,,,,,,1,1.75,0.5596158
21076,Oschersleben,1896,0.2291524,1570.552,7.359182,0.8776398,6,,,,,,,,1,,
21076,Oschersleben,1901,0.2211293,1838.08,7.516477,0.8776398,6,,,,,,,,1,2,0.6931472
21076,Oschersleben,1906,0.2307405,1944.503,7.572762,0.8776398,6,,,,,,,,1,,
21076,Oschersleben,1911,0.2354227,1907.164,7.553373,0.8776398,6,,,,,,,,1,,
21077,Osterburg,1886,0.7146558,1286.362,7.159574,0.987223,6,0.9916219,0.9305749,0.2212098,0.0915156,0.5031335,0.4817325,0.2531002,1,,
21077,Osterburg,1891,0.7034898,1252.422,7.132834,0.987223,6,,,,,,,,1,1.58,0.4574249
21077,Osterburg,1896,0.712078,1400.197,7.244368,0.987223,6,,,,,,,,1,,
21077,Osterburg,1901,0.6941056,1569.638,7.3586,0.987223,6,,,,,,,,1,1.58,0.4574249
21077,Osterburg,1906,0.6696455,1558.172,7.351269,0.987223,6,,,,,,,,1,,
21077,Osterburg,1911,0.6398138,1848.444,7.522099,0.987223,6,,,,,,,,1,,
21082,Querfurt,1886,0.4287806,1300.801,7.170736,0.9880326,6,0.9964485,0.9736046,0.2497583,0.0842809,0.5118632,0.6006136,0.249814,1,,
21082,Querfurt,1891,0.4212361,1362.8,7.217297,0.9880326,6,,,,,,,,1,1.5,0.4054651
21082,Querfurt,1896,0.4058746,1461.994,7.287556,0.9880326,6,,,,,,,,1,,
21082,Querfurt,1901,0.3888226,1801.448,7.496346,0.9880326,6,,,,,,,,1,1.85,0.6151857
21082,Querfurt,1906,0.3865752,1850.859,7.523405,0.9880326,6,,,,,,,,1,,
21082,Querfurt,1911,0.3745378,1904.79,7.552127,0.9880326,6,,,,,,,,1,,
21084,Salzwedel,1886,0.6253083,1497.092,7.31128,0.9726698,6,0.9814211,0.9597386,0.2357966,0.07439,0.4996081,0.5719178,0.3730677,1,,
21084,Salzwedel,1891,0.6372272,1518.904,7.325744,0.9726698,6,,,,,,,,1,1.765,0.5681507
21084,Salzwedel,1896,0.650701,1567.895,7.35749,0.9726698,6,,,,,,,,1,,
21084,Salzwedel,1901,0.6124042,1776.313,7.482296,0.9726698,6,,,,,,,,1,1.99,0.6881347
21084,Salzwedel,1906,0.6186739,1853.934,7.525065,0.9726698,6,,,,,,,,1,,
21084,Salzwedel,1911,0.6031477,1886.108,7.542271,0.9726698,6,,,,,,,,1,,
21085,Sandau,1886,0.8223408,1428.838,7.264616,0.9848338,6,0.9887663,0.9589174,0.2386829,0.0744395,0.5056427,0.6137006,0.2752969,1,,
21085,Sandau,1891,0.8362672,1455.885,7.283369,0.9848338,6,,,,,,,,1,1.69,0.5247285
21085,Sandau,1896,0.8094737,1484.099,7.302563,0.9848338,6,,,,,,,,1,,
21085,Sandau,1901,0.7751052,1661.062,7.415213,0.9848338,6,,,,,,,,1,1.69,0.5247285
21085,Sandau,1906,0.7009289,1700.216,7.43851,0.9848338,6,,,,,,,,1,,
21085,Sandau,1911,0.6237589,1835.638,7.515148,0.9848338,6,,,,,,,,1,,
21086,Sangerhausen,1886,0.4095675,1448.106,7.278012,0.9886,6,0.991715,0.9621912,0.2532398,0.0751813,0.5093412,0.6992375,0.3128231,1,,
21086,Sangerhausen,1891,0.3893518,1399.231,7.243678,0.9886,6,,,,,,,,1,1.58,0.4574249
21086,Sangerhausen,1896,0.3946144,1562.781,7.354222,0.9886,6,,,,,,,,1,,
21086,Sangerhausen,1901,0.3751357,1902.772,7.551067,0.9886,6,,,,,,,,1,1.84,0.6097656
21086,Sangerhausen,1906,0.370471,1897.807,7.548454,0.9886,6,,,,,,,,1,,
21086,Sangerhausen,1911,0.32077,1865.661,7.531371,0.9886,6,,,,,,,,1,,
21088,Schleusingen,1886,0.4737113,1184.781,7.077313,0.9865854,6,0.9867798,0.9604011,0.2660803,0.0776463,0.509673,0.8168276,0.3350088,1,,
21088,Schleusingen,1891,0.4285617,1249.758,7.130705,0.9865854,6,,,,,,,,1,1.5,0.4054651
21088,Schleusingen,1896,0.388563,1359.179,7.214636,0.9865854,6,,,,,,,,1,,
21088,Schleusingen,1901,0.3806357,1578.664,7.364334,0.9865854,6,,,,,,,,1,1.8,0.5877866
21088,Schleusingen,1906,0.3567655,1638.969,7.401823,0.9865854,6,,,,,,,,1,,
21088,Schleusingen,1911,0.324302,1862.587,7.529722,0.9865854,6,,,,,,,,1,,
21094,Stendal,1886,0.5971441,1283.737,7.157531,0.9803972,6,0.9854188,0.9544533,0.2221176,0.0822861,0.4965595,0.5376613,0.3869343,1,,
21094,Stendal,1891,0.5533071,1290.265,7.162603,0.9803972,6,,,,,,,,1,1.75,0.5596158
21094,Stendal,1896,0.5276009,1464.521,7.289284,0.9803972,6,,,,,,,,1,,
21094,Stendal,1901,0.536155,1632.189,7.397677,0.9803972,6,,,,,,,,1,2.01,0.6981347
21094,Stendal,1906,0.5282143,1726.82,7.454037,0.9803972,6,,,,,,,,1,,
21094,Stendal,1911,0.4539919,1924.353,7.562345,0.9803972,6,,,,,,,,1,,
21102,Torgau,1886,0.5185363,1268.875,7.145886,0.9858778,6,0.9875057,0.9560574,0.2289238,0.0814844,0.4919213,0.546015,0.3481368,1,,
21102,Torgau,1891,0.4934967,1335.76,7.197256,0.9858778,6,,,,,,,,1,1.4,0.3364722
21102,Torgau,1896,0.4759882,1398.476,7.243138,0.9858778,6,,,,,,,,1,,
21102,Torgau,1901,0.4256431,1617.098,7.388388,0.9858778,6,,,,,,,,1,1.7,0.5306283
21102,Torgau,1906,0.3972152,1694.206,7.434969,0.9858778,6,,,,,,,,1,,
21102,Torgau,1911,0.3708556,1813.127,7.502808,0.9858778,6,,,,,,,,1,,
21103,Wanzleben,1886,0.3915551,1606.381,7.381739,0.8900492,6,0.8990534,0.9636553,0.2548976,0.0562844,0.5021867,0.5944165,0.1958274,1,,
21103,Wanzleben,1891,0.3505895,1560.745,7.352919,0.8900492,6,,,,,,,,1,1.58,0.4574249
21103,Wanzleben,1896,0.3640752,1618.138,7.389031,0.8900492,6,,,,,,,,1,,
21103,Wanzleben,1901,0.3714601,1924.924,7.562642,0.8900492,6,,,,,,,,1,2,0.6931472
21103,Wanzleben,1906,0.3312027,2094.44,7.647042,0.8900492,6,,,,,,,,1,,
21103,Wanzleben,1911,0.3150941,1973.811,7.587722,0.8900492,6,,,,,,,,1,,
21105,Weissenfels,1886,0.3922445,1358.721,7.214299,0.9839619,6,0.9918579,0.9692652,0.2574882,0.069652,0.4960324,0.5096715,0.3917515,1,,
21105,Weissenfels,1891,0.3385998,1303.173,7.172557,0.9839619,6,,,,,,,,1,1.8,0.5877866
21105,Weissenfels,1896,0.2881275,1440.305,7.27261,0.9839619,6,,,,,,,,1,,
21105,Weissenfels,1901,0.2950564,1690.777,7.432943,0.9839619,6,,,,,,,,1,1.9,0.6418539
21105,Weissenfels,1906,0.2764154,1779.912,7.484319,0.9839619,6,,,,,,,,1,,
21105,Weissenfels,1911,0.2415833,1839.157,7.517063,0.9839619,6,,,,,,,,1,,
21106,Weissensee,1886,0.4861135,1421.875,7.259732,0.9863579,6,0.9875457,0.9778364,0.2615408,0.076837,0.5112611,0.7264524,0.4719218,1,,
21106,Weissensee,1891,0.468558,1475.992,7.297085,0.9863579,6,,,,,,,,1,1.45,0.3715636
21106,Weissensee,1896,0.4733495,1580.257,7.365343,0.9863579,6,,,,,,,,1,,
21106,Weissensee,1901,0.4239265,1809.708,7.500921,0.9863579,6,,,,,,,,1,1.55,0.4382549
21106,Weissensee,1906,0.4129672,1861.528,7.529153,0.9863579,6,,,,,,,,1,,
21106,Weissensee,1911,0.3980742,1891.612,7.545185,0.9863579,6,,,,,,,,1,,
21108,Wittenberg,1886,0.584643,1264.276,7.142255,0.9908412,6,0.9929128,0.9542534,0.2429388,0.0812195,0.511303,0.6167888,0.3682835,1,,
21108,Wittenberg,1891,0.58786,1224.986,7.110684,0.9908412,6,,,,,,,,1,1.35,0.3001046
21108,Wittenberg,1896,0.5668826,1362.543,7.217108,0.9908412,6,,,,,,,,1,,
21108,Wittenberg,1901,0.534742,1600.249,7.377914,0.9908412,6,,,,,,,,1,1.65,0.5007753
21108,Wittenberg,1906,0.4663014,1641.666,7.403467,0.9908412,6,,,,,,,,1,,
21108,Wittenberg,1911,0.4144234,1833.508,7.513987,0.9908412,6,,,,,,,,1,,
21110,Wolmirstedt,1886,0.4401808,1459.896,7.286121,0.9782063,6,0.9741285,0.9661552,0.2432449,0.0701574,0.5101865,0.6735603,0.0767731,1,,
21110,Wolmirstedt,1891,0.4169907,1422.958,7.260493,0.9782063,6,,,,,,,,1,1.75,0.5596158
21110,Wolmirstedt,1896,0.4003654,1484.388,7.302758,0.9782063,6,,,,,,,,1,,
21110,Wolmirstedt,1901,0.3919662,1723.775,7.452272,0.9782063,6,,,,,,,,1,2,0.6931472
21110,Wolmirstedt,1906,0.3611189,1783.811,7.486507,0.9782063,6,,,,,,,,1,,
21110,Wolmirstedt,1911,0.3318866,1884.095,7.541203,0.9782063,6,,,,,,,,1,,
21112,Zeitz,1886,0.4188226,1375.829,7.226811,0.9849551,6,0.9939998,0.9605874,0.2531215,0.0774263,0.5055872,0.546519,0.3735364,1,,
21112,Zeitz,1891,0.4262215,1327.729,7.191225,0.9849551,6,,,,,,,,1,2.2,0.7884574
21112,Zeitz,1896,0.4147233,1517.556,7.324856,0.9849551,6,,,,,,,,1,,
21112,Zeitz,1901,0.3559229,1785.951,7.487706,0.9849551,6,,,,,,,,1,2.5,0.9162908
21112,Zeitz,1906,0.3048607,1830.817,7.512517,0.9849551,6,,,,,,,,1,,
21112,Zeitz,1911,0.2198923,1866.038,7.531573,0.9849551,6,,,,,,,,1,,
21115,Ziegenrueck,1886,0.6631093,1172.554,7.06694,0.9928407,6,0.996357,0.9564425,0.2459016,0.0798192,0.5133914,0.6809013,0.3001417,1,,
21115,Ziegenrueck,1891,0.6685774,1250.665,7.13143,0.9928407,6,,,,,,,,1,1.33,0.285179
21115,Ziegenrueck,1896,0.6493506,1282,7.156177,0.9928407,6,,,,,,,,1,,
21115,Ziegenrueck,1901,0.6297464,1431.378,7.266393,0.9928407,6,,,,,,,,1,1.47,0.3852624
21115,Ziegenrueck,1906,0.606118,1502.471,7.314866,0.9928407,6,,,,,,,,1,,
21115,Ziegenrueck,1911,0.5472792,1732.182,7.457137,0.9928407,6,,,,,,,,1,,
22001,Berlin,1886,0.1338592,2386.863,7.777735,0.8692795,2,0.8871918,0.979602,0.1928865,0.0458755,0.4948429,0.4360307,1,1,,
22001,Berlin,1891,0.1496735,2720.951,7.908737,0.8692795,2,,,,,,,,1,2.7,0.9932518
22001,Berlin,1896,0.1589746,3178.56,8.064183,0.8692795,2,,,,,,,,1,,
22001,Berlin,1901,0.1622255,3108.232,8.041809,0.8692795,2,,,,,,,,1,2.9,1.064711
22001,Berlin,1906,0.1504276,3215.2,8.075644,0.8692795,2,,,,,,,,1,,
22001,Berlin,1911,0.1440268,2889.139,7.968714,0.8692795,2,,,,,,,,1,,
41007,Eschwege,1886,0.7482136,1432.721,7.267331,0.9462242,10,0.9510148,0.9391268,0.2582716,0.0817203,0.528423,0.7938983,0.2631752,0,,
41007,Eschwege,1891,0.7511636,1466.737,7.290795,0.9462242,10,,,,,,,,0,1.5,0.4054651
41007,Eschwege,1896,0.721001,1481.677,7.30093,0.9462242,10,,,,,,,,0,,
41007,Eschwege,1901,0.7465528,1873.538,7.535584,0.9462242,10,,,,,,,,0,1.87,0.6259384
41007,Eschwege,1906,0.6872141,1927.109,7.563776,0.9462242,10,,,,,,,,0,,
41007,Eschwege,1911,,1878.798,7.538387,0.9462242,10,,,,,,,,0,,
41009,Frankenberg (luth.),1886,0.8921574,1262.923,7.141184,0.9647881,10,0.9655979,0.9204074,0.2612264,0.0921904,0.5321483,0.7838067,0.2559534,0,,
41009,Frankenberg (luth.),1891,0.9323007,1266.597,7.144089,0.9647881,10,,,,,,,,0,1.5,0.4054651
41009,Frankenberg (luth.),1896,0.9180123,1311.842,7.179188,0.9647881,10,,,,,,,,0,,
41009,Frankenberg (luth.),1901,0.9253325,1631.571,7.397299,0.9647881,10,,,,,,,,0,1.6,0.4700036
41009,Frankenberg (luth.),1906,0.9456189,1606.293,7.381684,0.9647881,10,,,,,,,,0,,
41009,Frankenberg (luth.),1911,,1668.963,7.419958,0.9647881,10,,,,,,,,0,,
41013,Fulda,1886,0.7587919,1260.982,7.139646,0.2062037,10,0.2484019,0.9492201,0.2444389,0.0838215,0.5269054,0.7472025,0.1330034,0,,
41013,Fulda,1891,0.7568247,1275.227,7.15088,0.2062037,10,,,,,,,,0,1.61,0.4762342
41013,Fulda,1896,0.7902142,1384.752,7.233276,0.2062037,10,,,,,,,,0,,
41013,Fulda,1901,0.8108348,1735.992,7.459334,0.2062037,10,,,,,,,,0,1.8,0.5877867
41013,Fulda,1906,0.8060436,1925.627,7.563007,0.2062037,10,,,,,,,,0,,
41013,Fulda,1911,,1965.25,7.583375,0.2062037,10,,,,,,,,0,,
41014,Gelnhausen,1886,0.6923833,1339.414,7.199987,0.6376988,10,0.6384957,0.9285103,0.2673476,0.0871947,0.5112428,0.8218013,0.2066093,0,,
41014,Gelnhausen,1891,0.6963627,1341.925,7.20186,0.6376988,10,,,,,,,,0,1.5,0.4054651
41014,Gelnhausen,1896,0.6750202,1326.505,7.190303,0.6376988,10,,,,,,,,0,,
41014,Gelnhausen,1901,0.6378837,1690.15,7.432573,0.6376988,10,,,,,,,,0,1.8,0.5877866
41014,Gelnhausen,1906,0.6415526,1745.914,7.465034,0.6376988,10,,,,,,,,0,,
41014,Gelnhausen,1911,,1948.373,7.57475,0.6376988,10,,,,,,,,0,,
41018,Hanau,1886,0.1312891,2104.141,7.651662,,10,0.8061401,0.9521849,0.2305486,0.077705,0.5019169,0.6635164,0.4490757,0,,
41018,Hanau,1891,0.1440004,2027.051,7.614337,,10,,,,,,,,0,1.92,0.6523252
41018,Hanau,1896,,1861.27,7.529014,,10,,,,,,,,0,,
41018,Hanau,1901,0.111269,2310.05,7.745025,,10,,,,,,,,0,2.15,0.7654679
41018,Hanau,1906,0.1048938,2394.109,7.780766,,10,,,,,,,,0,,
41018,Hanau,1911,,2279.885,7.73188,,10,,,,,,,,0,,
41021,Hersfeld,1886,0.7530499,1327.962,7.191401,0.964922,10,0.9747612,0.922729,0.2675311,0.0777929,0.526599,0.7394813,0.1945956,0,,
41021,Hersfeld,1891,0.8396743,1348.436,7.2067,0.964922,10,,,,,,,,0,1.5,0.4054651
41021,Hersfeld,1896,0.8384794,1464.097,7.288994,0.964922,10,,,,,,,,0,,
41021,Hersfeld,1901,0.8044482,1754.093,7.469707,0.964922,10,,,,,,,,0,1.8,0.5877866
41021,Hersfeld,1906,0.7575123,1817.069,7.50498,0.964922,10,,,,,,,,0,,
41021,Hersfeld,1911,,1776.175,7.482218,0.964922,10,,,,,,,,0,,
41022,Hofgeismar,1886,0.8163361,1294.313,7.165735,0.9655126,10,0.9694083,0.9347082,0.2536553,0.0809858,0.5103946,0.7854999,0.3287441,0,,
41022,Hofgeismar,1891,0.8269128,1344.144,7.203512,0.9655126,10,,,,,,,,0,1.5,0.4054651
41022,Hofgeismar,1896,0.8571386,1451.16,7.280118,0.9655126,10,,,,,,,,0,,
41022,Hofgeismar,1901,0.8477182,1659.276,7.414136,0.9655126,10,,,,,,,,0,1.8,0.5877866
41022,Hofgeismar,1906,0.8268142,1849.54,7.522692,0.9655126,10,,,,,,,,0,,
41022,Hofgeismar,1911,,1850.711,7.523325,0.9655126,10,,,,,,,,0,,
41023,Homberg,1886,1.016144,1245.229,7.127075,0.9735087,10,0.974278,0.9408214,0.2447302,0.093602,0.5300863,0.7134367,0.194122,0,,
41023,Homberg,1891,1.040863,1268.621,7.145686,0.9735087,10,,,,,,,,0,1.5,0.4054651
41023,Homberg,1896,1.044825,1375.723,7.226735,0.9735087,10,,,,,,,,0,,
41023,Homberg,1901,1.055355,1812.609,7.502523,0.9735087,10,,,,,,,,0,1.8,0.5877866
41023,Homberg,1906,1.045473,1855.031,7.525657,0.9735087,10,,,,,,,,0,,
41023,Homberg,1911,,1791.766,7.490957,0.9735087,10,,,,,,,,0,,
41024,Kassel,1886,0.2062539,1902.917,7.551143,0.9138109,10,0.9323207,0.9691362,0.2174871,0.0656234,0.5040346,0.5886081,0.5,0,,
41024,Kassel,1891,0.201767,1771.822,7.479764,0.9138109,10,,,,,,,,0,2.17,0.7747272
41024,Kassel,1896,0.1879812,2010.2,7.605989,0.9138109,10,,,,,,,,0,,
41024,Kassel,1901,0.1889333,2503.755,7.825547,0.9138109,10,,,,,,,,0,2.5,0.9162908
41024,Kassel,1906,0.1577494,2810.78,7.941217,0.9138109,10,,,,,,,,0,,
41024,Kassel,1911,,2380.039,7.774872,0.9138109,10,,,,,,,,0,,
41028,Kirchhain,1886,1.076318,1306.734,7.175286,0.5257828,10,0.535068,0.9373731,0.2390835,0.0979112,0.5339876,0.8327631,0.3093095,0,,
41028,Kirchhain,1891,1.10132,1311.48,7.178912,0.5257828,10,,,,,,,,0,1.5,0.4054651
41028,Kirchhain,1896,1.109038,1379.754,7.229661,0.5257828,10,,,,,,,,0,,
41028,Kirchhain,1901,1.130749,1868.429,7.532853,0.5257828,10,,,,,,,,0,1.8,0.5877866
41028,Kirchhain,1906,1.163817,1857.556,7.527017,0.5257828,10,,,,,,,,0,,
41028,Kirchhain,1911,,1856.347,7.526366,0.5257828,10,,,,,,,,0,,
41030,Marburg,1886,0.1966192,1428.071,7.26408,0.9329146,10,0.9450076,0.9481948,0.2143268,0.0903841,0.5227023,0.691337,0.2633105,0,,
41030,Marburg,1891,0.1739121,1555.921,7.349823,0.9329146,10,,,,,,,,0,1.75,0.5596158
41030,Marburg,1896,0.1777646,1518.098,7.325214,0.9329146,10,,,,,,,,0,,
41030,Marburg,1901,0.1666456,1993.529,7.597661,0.9329146,10,,,,,,,,0,2,0.6931472
41030,Marburg,1906,0.1545502,2096.092,7.64783,0.9329146,10,,,,,,,,0,,
41030,Marburg,1911,,1964.923,7.583209,0.9329146,10,,,,,,,,0,,
41032,Melsungen,1886,0.8558521,1378.442,7.228709,0.9615232,10,0.9606296,0.9386078,0.2595983,0.0813823,0.534431,0.7411254,0.2248598,0,,
41032,Melsungen,1891,0.9130294,1367.897,7.22103,0.9615232,10,,,,,,,,0,1.5,0.4054651
41032,Melsungen,1896,0.8667192,1392.085,7.238558,0.9615232,10,,,,,,,,0,,
41032,Melsungen,1901,0.904791,1795.422,7.492995,0.9615232,10,,,,,,,,0,1.8,0.5877866
41032,Melsungen,1906,0.8993405,1951.409,7.576307,0.9615232,10,,,,,,,,0,,
41032,Melsungen,1911,,1890.435,7.544562,0.9615232,10,,,,,,,,0,,
41036,Rinteln,1886,0.5759144,1446.259,7.276736,0.9782184,10,0.9826853,0.9361101,0.2523158,0.0810192,0.5169647,0.7000754,0.2642719,0,,
41036,Rinteln,1891,0.6170467,1449.35,7.278871,0.9782184,10,,,,,,,,0,1.67,0.5128236
41036,Rinteln,1896,0.6454497,1498.348,7.312119,0.9782184,10,,,,,,,,0,,
41036,Rinteln,1901,0.6200549,1741.149,7.4623,0.9782184,10,,,,,,,,0,1.8,0.5877866
41036,Rinteln,1906,0.6897843,1720.517,7.45038,0.9782184,10,,,,,,,,0,,
41036,Rinteln,1911,,1778.372,7.483453,0.9782184,10,,,,,,,,0,,
41037,Rotenburg,1886,0.9466394,1295.917,7.166974,0.9519742,10,0.9582206,0.9284866,0.2757244,0.0756455,0.5336941,0.7577717,0.1619695,0,,
41037,Rotenburg,1891,0.9602574,1306.078,7.174784,0.9519742,10,,,,,,,,0,1.5,0.4054651
41037,Rotenburg,1896,0.9498696,1323.907,7.188343,0.9519742,10,,,,,,,,0,,
41037,Rotenburg,1901,0.9590992,1643.484,7.404574,0.9519742,10,,,,,,,,0,1.8,0.5877866
41037,Rotenburg,1906,1.018005,1815.569,7.504154,0.9519742,10,,,,,,,,0,,
41037,Rotenburg,1911,,1808.148,7.500058,0.9519742,10,,,,,,,,0,,
41038,Schluechtern,1886,0.7290011,1295.998,7.167036,0.6918141,10,0.6812512,0.9184006,0.2513877,0.0864653,0.5054529,0.7680729,0.2226866,0,,
41038,Schluechtern,1891,0.7598734,1372.617,7.224474,0.6918141,10,,,,,,,,0,1.5,0.4054651
41038,Schluechtern,1896,0.7650867,1434.836,7.268806,0.6918141,10,,,,,,,,0,,
41038,Schluechtern,1901,0.7516259,1724.753,7.452839,0.6918141,10,,,,,,,,0,1.8,0.5877866
41038,Schluechtern,1906,0.6940183,1709.355,7.443871,0.6918141,10,,,,,,,,0,,
41038,Schluechtern,1911,,1808.251,7.500115,0.6918141,10,,,,,,,,0,,
41039,Schmalkalden (luth. Und ref.),1886,0.4430634,1387.407,7.235192,0.9844443,10,0.9846573,0.9421383,0.2616643,0.0734785,0.5150456,0.8522,0.2023556,0,,
41039,Schmalkalden (luth. Und ref.),1891,0.4536698,1441.074,7.273144,0.9844443,10,,,,,,,,0,1.67,0.5128236
41039,Schmalkalden (luth. Und ref.),1896,0.4373997,1513.872,7.322426,0.9844443,10,,,,,,,,0,,
41039,Schmalkalden (luth. Und ref.),1901,0.4501345,1948.646,7.57489,0.9844443,10,,,,,,,,0,1.8,0.5877866
41039,Schmalkalden (luth. Und ref.),1906,0.4542574,2076.927,7.638644,0.9844443,10,,,,,,,,0,,
41039,Schmalkalden (luth. Und ref.),1911,,1928.402,7.564447,0.9844443,10,,,,,,,,0,,
41052,Witzenhausen,1886,0.6630279,1300.585,7.170569,0.974649,10,0.9729452,0.9298055,0.2613907,0.0807499,0.525866,0.7768138,0.3232761,0,,
41052,Witzenhausen,1891,0.733325,1322.808,7.187512,0.974649,10,,,,,,,,0,1.5,0.4054651
41052,Witzenhausen,1896,0.7451115,1421.326,7.259346,0.974649,10,,,,,,,,0,,
41052,Witzenhausen,1901,0.7355827,1719.872,7.450006,0.974649,10,,,,,,,,0,1.8,0.5877866
41052,Witzenhausen,1906,0.7203097,1750.394,7.467596,0.974649,10,,,,,,,,0,,
41052,Witzenhausen,1911,,1864.143,7.530557,0.974649,10,,,,,,,,0,,
41053,Wolfhagen,1886,0.9913709,1280.63,7.155108,0.8523803,10,0.8348715,0.9379753,0.2617419,0.0856813,0.532589,0.8092452,0.3448418,0,,
41053,Wolfhagen,1891,0.9641973,1282.491,7.156559,0.8523803,10,,,,,,,,0,1.5,0.4054651
41053,Wolfhagen,1896,1.052083,1352.726,7.209877,0.8523803,10,,,,,,,,0,,
41053,Wolfhagen,1901,1.179983,1716.561,7.448078,0.8523803,10,,,,,,,,0,1.8,0.5877866
41053,Wolfhagen,1906,1.110234,1940.224,7.570559,0.8523803,10,,,,,,,,0,,
41053,Wolfhagen,1911,,1813.215,7.502857,0.8523803,10,,,,,,,,0,,
41054,Ziegenhain,1886,1.102788,1247.644,7.129012,0.9607292,10,0.96632,0.955441,0.1927242,0.0997761,0.5317935,0.7396706,0.1963743,0,,
41054,Ziegenhain,1891,1.148174,1270.669,7.147299,0.9607292,10,,,,,,,,0,1.5,0.4054651
41054,Ziegenhain,1896,1.129871,1430.745,7.26595,0.9607292,10,,,,,,,,0,,
41054,Ziegenhain,1901,1.176095,1833.94,7.514222,0.9607292,10,,,,,,,,0,1.8,0.5877866
41054,Ziegenhain,1906,1.177042,1870.433,7.533925,0.9607292,10,,,,,,,,0,,
41054,Ziegenhain,1911,,1792.592,7.491418,0.9607292,10,,,,,,,,0,,
47001,Aachen,1886,0.3726236,1543.861,7.342041,0.0418909,11,0.034365,0.8938335,0.235787,0.0879101,0.5048012,0.7420045,0.3356876,1,,
47001,Aachen,1891,0.3787227,1504.555,7.316253,0.0418909,11,,,,,,,,1,1.83,0.604316
47001,Aachen,1896,0.3659211,1659.023,7.413984,0.0418909,11,,,,,,,,1,,
47001,Aachen,1901,0.3469911,1993.959,7.597878,0.0418909,11,,,,,,,,1,2.116,0.7495275
47001,Aachen,1906,0.3177541,2180.224,7.687183,0.0418909,11,,,,,,,,1,,
47001,Aachen,1911,0.2939089,2065.72,7.633234,0.0418909,11,,,,,,,,1,,
47002,Altenkirchen,1886,,1300.962,7.170859,0.5050412,11,0.5224128,0.9813388,0.2641064,0.0512056,0.4868672,0.7091515,0,0,,
47002,Altenkirchen,1891,,1287.786,7.16068,0.5050412,11,,,,,,,,0,,
47002,Altenkirchen,1896,,1347.173,7.205764,0.5050412,11,,,,,,,,0,,
47002,Altenkirchen,1901,0.4365758,1589.862,7.371402,0.5050412,11,,,,,,,,0,,
47002,Altenkirchen,1906,,1683.805,7.428812,0.5050412,11,,,,,,,,0,,
47002,Altenkirchen,1911,0.3607384,1817.447,7.505188,0.5050412,11,,,,,,,,0,,
47005,Barmen,1886,,2294.145,7.738115,0.8273955,11,0.8425231,0.9589885,0.2628376,0.0478174,0.5026931,0.5805317,1,0,,
47005,Barmen,1891,,2283.857,7.733621,0.8273955,11,,,,,,,,0,2.4,0.8754688
47005,Barmen,1896,0.1337058,2398.565,7.782626,0.8273955,11,,,,,,,,0,,
47005,Barmen,1901,0.1192232,2838.994,7.951205,0.8273955,11,,,,,,,,0,2.7,0.9932518
47005,Barmen,1906,,2868.091,7.961402,0.8273955,11,,,,,,,,0,,
47005,Barmen,1911,0.0817969,2749.273,7.919092,0.8273955,11,,,,,,,,0,,
47007,Bonn,1886,,1431.521,7.266492,0.0648516,11,0.0393088,0.923476,0.2421079,0.0844445,0.5059378,0.7345987,0.1533283,0,,
47007,Bonn,1891,,1429.975,7.265412,0.0648516,11,,,,,,,,0,1.84,0.6097656
47007,Bonn,1896,0.4029456,1567.193,7.357041,0.0648516,11,,,,,,,,0,,
47007,Bonn,1901,0.3698886,1880.881,7.539495,0.0648516,11,,,,,,,,0,2.033333,0.7096764
47007,Bonn,1906,,2020.809,7.611253,0.0648516,11,,,,,,,,0,,
47007,Bonn,1911,0.3249783,1969.104,7.585334,0.0648516,11,,,,,,,,0,,
47009,Cleve,1886,,1577,7.363279,0.0800698,11,0.0797435,0.8867116,0.2229501,0.0938027,0.5031897,0.6479857,0.1901447,0,,
47009,Cleve,1891,,1560.232,7.35259,0.0800698,11,,,,,,,,0,1.65,0.5007753
47009,Cleve,1896,,1676.789,7.424636,0.0800698,11,,,,,,,,0,,
47009,Cleve,1901,0.3195419,2044.28,7.622801,0.0800698,11,,,,,,,,0,1.8,0.5877866
47009,Cleve,1906,0.3278231,2257.209,7.721885,0.0800698,11,,,,,,,,0,,
47009,Cleve,1911,0.3304373,2033.106,7.61732,0.0800698,11,,,,,,,,0,,
47012,Duesseldorf,1886,,1852.266,7.524165,0.3938243,11,0.4930351,0.9303452,0.2466618,0.069233,0.4938593,0.5688035,0.6351017,0,,
47012,Duesseldorf,1891,,1864.393,7.530691,0.3938243,11,,,,,,,,0,2.15,0.7654679
47012,Duesseldorf,1896,,2040.87,7.621131,0.3938243,11,,,,,,,,0,,
47012,Duesseldorf,1901,,2366.225,7.769051,0.3938243,11,,,,,,,,0,2.65,0.9745597
47012,Duesseldorf,1906,,2574.233,7.853307,0.3938243,11,,,,,,,,0,,
47012,Duesseldorf,1911,0.1309269,2633.53,7.876081,0.3938243,11,,,,,,,,0,,
47013,Elberfeld,1886,0.1181389,2152.153,7.674224,0.7310867,11,0.7479126,0.9458887,0.2421411,0.0582794,0.5066401,0.6016755,1,0,,
47013,Elberfeld,1891,,2162.864,7.679188,0.7310867,11,,,,,,,,0,2.4,0.8754688
47013,Elberfeld,1896,0.0895267,2453.687,7.805347,0.7310867,11,,,,,,,,0,,
47013,Elberfeld,1901,0.0881068,2918.07,7.978678,0.7310867,11,,,,,,,,0,2.7,0.9932518
47013,Elberfeld,1906,0.0748285,2927.515,7.981909,0.7310867,11,,,,,,,,0,,
47013,Elberfeld,1911,0.0722784,2738.631,7.915213,0.7310867,11,,,,,,,,0,,
47015,Gladbach,1886,,1780.789,7.484812,0.130349,11,0.1055323,0.8996181,0.236181,0.0778784,0.5017393,0.6687188,0.3930275,0,,
47015,Gladbach,1891,,1765.089,7.475956,0.130349,11,,,,,,,,0,1.96,0.6729444
47015,Gladbach,1896,0.1844434,2006.701,7.604247,0.130349,11,,,,,,,,0,,
47015,Gladbach,1901,0.1798857,2350.763,7.762496,0.130349,11,,,,,,,,0,2.287,0.8272409
47015,Gladbach,1906,0.1612848,2487.08,7.818865,0.130349,11,,,,,,,,0,,
47015,Gladbach,1911,0.1540944,2300.836,7.741028,0.130349,11,,,,,,,,0,,
47016,Hohenzollern,1886,,1104.908,7.007517,0.0350719,12,0.0259215,0.9795379,0.2184675,0.1007559,0.5196071,0.8033984,0.1796923,0,,
47016,Hohenzollern,1891,0.5653526,1834.023,7.514267,0.0350719,12,,,,,,,,0,1.95,0.6678294
47016,Hohenzollern,1896,0.6181938,1605.58,7.38124,0.0350719,12,,,,,,,,0,,
47016,Hohenzollern,1901,0.5240265,1763.882,7.475272,0.0350719,12,,,,,,,,0,2.3,0.8329091
47016,Hohenzollern,1906,0.4859059,1981.738,7.59173,0.0350719,12,,,,,,,,0,,
47016,Hohenzollern,1911,0.5333257,2023.611,7.612639,0.0350719,12,,,,,,,,0,,
47017,Juelich,1886,,1466.484,7.290623,0.0301664,11,0.0288512,0.8913749,0.2283069,0.0988563,0.4920812,0.7298126,0.1336647,0,,
47017,Juelich,1891,,1454.505,7.282421,0.0301664,11,,,,,,,,0,1.58,0.4574248
47017,Juelich,1896,,1489.622,7.306277,0.0301664,11,,,,,,,,0,,
47017,Juelich,1901,,1754.236,7.469789,0.0301664,11,,,,,,,,0,1.98,0.6830968
47017,Juelich,1906,0.372093,1851.1,7.523535,0.0301664,11,,,,,,,,0,,
47017,Juelich,1911,0.3220794,1897.257,7.548164,0.0301664,11,,,,,,,,0,,
47018,Koblenz,1886,,1341.782,7.201754,0.0512513,11,0.0439266,0.9517043,0.2525817,0.0777133,0.509939,0.7839663,0.1633585,0,,
47018,Koblenz,1891,,1343.724,7.2032,0.0512513,11,,,,,,,,0,1.775,0.5738004
47018,Koblenz,1896,,1504.686,7.316339,0.0512513,11,,,,,,,,0,,
47018,Koblenz,1901,,1839.318,7.51715,0.0512513,11,,,,,,,,0,2.2575,0.814258
47018,Koblenz,1906,,1951.098,7.576148,0.0512513,11,,,,,,,,0,,
47018,Koblenz,1911,0.3550098,1973.695,7.587663,0.0512513,11,,,,,,,,0,,
47019,Koeln,1886,,2115.087,7.656851,0.1157481,11,0.0529723,0.9224954,0.2321514,0.0774025,0.5008874,0.6423624,0.2837936,0,,
47019,Koeln,1891,,2244.365,7.716178,0.1157481,11,,,,,,,,0,2.375,0.8649974
47019,Koeln,1896,0.2604824,2153.527,7.674862,0.1157481,11,,,,,,,,0,,
47019,Koeln,1901,0.2269752,2548.54,7.843276,0.1157481,11,,,,,,,,0,2.375,0.8649974
47019,Koeln,1906,0.1761631,2769.667,7.926482,0.1157481,11,,,,,,,,0,,
47019,Koeln,1911,0.1707787,2839.073,7.951233,0.1157481,11,,,,,,,,0,,
47020,Kreuznach,1886,0.5840378,1371.897,7.223949,0.5476914,11,0.5437956,0.9627366,0.2418588,0.0873994,0.5145711,0.7382797,0.3133731,1,,
47020,Kreuznach,1891,0.5756938,1421.819,7.259692,0.5476914,11,,,,,,,,1,1.63,0.48858
47020,Kreuznach,1896,0.5403397,1570.319,7.359034,0.5476914,11,,,,,,,,1,,
47020,Kreuznach,1901,0.5087943,2038.973,7.620202,0.5476914,11,,,,,,,,1,2.13,0.7561221
47020,Kreuznach,1906,0.4921443,2164.202,7.679807,0.5476914,11,,,,,,,,1,,
47020,Kreuznach,1911,0.4433287,2089.612,7.644733,0.5476914,11,,,,,,,,1,,
47021,Lennep,1886,,2058.879,7.629917,0.8294826,11,0.8475214,0.9421926,0.26095,0.0681796,0.4818747,0.6524603,0.7391839,0,,
47021,Lennep,1891,,2124.421,7.661255,0.8294826,11,,,,,,,,0,2.3,0.8329092
47021,Lennep,1896,,2029.075,7.615335,0.8294826,11,,,,,,,,0,,
47021,Lennep,1901,0.1095909,2325.99,7.751901,0.8294826,11,,,,,,,,0,2.5,0.9162908
47021,Lennep,1906,,2505.708,7.826326,0.8294826,11,,,,,,,,0,,
47021,Lennep,1911,,2274.373,7.72946,0.8294826,11,,,,,,,,0,,
47022,Meisenheim,1886,,1262.623,7.140946,0.829867,11,0.8263858,0.9518458,0.2239468,0.0915743,0.5101256,0.7944568,0.134442,0,,
47022,Meisenheim,1891,0.8790614,1267.44,7.144754,0.829867,11,,,,,,,,0,,
47022,Meisenheim,1896,0.8870356,1380.789,7.230411,0.829867,11,,,,,,,,0,,
47022,Meisenheim,1901,0.8716866,1772.744,7.480284,0.829867,11,,,,,,,,0,,
47022,Meisenheim,1906,0.827311,1677.439,7.425024,0.829867,11,,,,,,,,0,,
47022,Meisenheim,1911,,1769.073,7.478211,0.829867,11,,,,,,,,0,,
47023,Moers,1886,0.0929094,1715.522,7.447473,0.4793476,11,0.4658443,0.8990757,0.2480402,0.0868591,0.5033854,0.6369243,0.1856382,1,,
47023,Moers,1891,0.088735,1741.615,7.462568,0.4793476,11,,,,,,,,1,1.85,0.6151857
47023,Moers,1896,0.0729243,1885.196,7.541787,0.4793476,11,,,,,,,,1,,
47023,Moers,1901,0.0658286,2089.263,7.644567,0.4793476,11,,,,,,,,1,2.25,0.8109302
47023,Moers,1906,0.0564266,2072.549,7.636534,0.4793476,11,,,,,,,,1,,
47023,Moers,1911,0.0563181,2255.338,7.721056,0.4793476,11,,,,,,,,1,,
47024,Muehlheim am Rhein,1886,0.2935048,1484.164,7.302607,0.1173301,11,0.1031978,0.9045827,0.2518808,0.0627779,0.4922779,0.6072707,0.3407586,0,,
47024,Muehlheim am Rhein,1891,0.2864518,1568.189,7.357677,0.1173301,11,,,,,,,,0,2.15,0.7654679
47024,Muehlheim am Rhein,1896,,1876.32,7.537068,0.1173301,11,,,,,,,,0,,
47024,Muehlheim am Rhein,1901,,2056.11,7.628572,0.1173301,11,,,,,,,,0,2.5,0.9162908
47024,Muehlheim am Rhein,1906,,2191.99,7.692565,0.1173301,11,,,,,,,,0,,
47024,Muehlheim am Rhein,1911,,2249.873,7.718629,0.1173301,11,,,,,,,,0,,
47026,Saarbruecken,1886,0.4474457,1718.652,7.449296,0.224403,11,0.1440763,0.9255932,0.2661457,0.0621233,0.4983021,0.7022138,0.1423708,0,,
47026,Saarbruecken,1891,0.4588907,1629.667,7.396131,0.224403,11,,,,,,,,0,1.933333,0.6592456
47026,Saarbruecken,1896,0.4604688,1721.042,7.450686,0.224403,11,,,,,,,,0,,
47026,Saarbruecken,1901,,2132.416,7.665011,0.224403,11,,,,,,,,0,2.4,0.8754688
47026,Saarbruecken,1906,,2399.544,7.783034,0.224403,11,,,,,,,,0,,
47026,Saarbruecken,1911,0.3588246,2287.179,7.735075,0.224403,11,,,,,,,,0,,
47030,St. Johann,1886,,1651.665,7.409539,0.3348043,11,0.3230654,0.9377574,0.2826028,0.0552392,0.4843768,0.6763959,0.0791934,0,,
47030,St. Johann,1891,,1708.989,7.443657,0.3348043,11,,,,,,,,0,2,0.6931472
47030,St. Johann,1896,0.4018303,1610.775,7.384471,0.3348043,11,,,,,,,,0,,
47030,St. Johann,1901,0.3654634,2067.66,7.634173,0.3348043,11,,,,,,,,0,2.3,0.8329091
47030,St. Johann,1906,0.3366476,2315.94,7.747571,0.3348043,11,,,,,,,,0,,
47030,St. Johann,1911,0.2971461,2144.371,7.670601,0.3348043,11,,,,,,,,0,,
47032,Trarbach,1886,0.6096641,1213.048,7.100891,0.3243948,11,0.32066,0.9733172,0.2485046,0.0798196,0.5129254,0.8314541,0.1384325,0,,
47032,Trarbach,1891,0.5943216,1227.205,7.112495,0.3243948,11,,,,,,,,0,1.7,0.5306283
47032,Trarbach,1896,0.5945032,1381.143,7.230667,0.3243948,11,,,,,,,,0,,
47032,Trarbach,1901,,1640.439,7.402719,0.3243948,11,,,,,,,,0,1.9,0.6418539
47032,Trarbach,1906,,1769.506,7.478456,0.3243948,11,,,,,,,,0,,
47032,Trarbach,1911,,1845.581,7.52055,0.3243948,11,,,,,,,,0,,
47033,Trier,1886,,1224.109,7.109969,0.0590103,11,0.052405,0.9385766,0.2416415,0.0813713,0.5054159,0.7567969,0.0976921,0,,
47033,Trier,1891,0.6450109,1173.756,7.067964,0.0590103,11,,,,,,,,0,1.65,0.5007753
47033,Trier,1896,0.6246325,1363.645,7.217916,0.0590103,11,,,,,,,,0,,
47033,Trier,1901,0.610031,1600.932,7.378342,0.0590103,11,,,,,,,,0,1.966667,0.6763401
47033,Trier,1906,0.5505514,1640.664,7.402856,0.0590103,11,,,,,,,,0,,
47033,Trier,1911,0.5023662,1794.818,7.492659,0.0590103,11,,,,,,,,0,,
47034,Wesel,1886,0.4703532,1769.839,7.478644,0.3420273,11,0.3351906,0.9254586,0.2264355,0.0837449,0.4789764,0.6264768,0.5327349,1,,
47034,Wesel,1891,0.4515878,1758.683,7.472321,0.3420273,11,,,,,,,,1,1.7,0.5306283
47034,Wesel,1896,0.446501,1955.869,7.57859,0.3420273,11,,,,,,,,1,,
47034,Wesel,1901,0.4317002,2276.626,7.73045,0.3420273,11,,,,,,,,1,2.15,0.7654679
47034,Wesel,1906,0.4104208,2356.656,7.764999,0.3420273,11,,,,,,,,1,,
47034,Wesel,1911,0.3357795,2229.456,7.709513,0.3420273,11,,,,,,,,1,,
47035,Wetzlar,1886,,1393.65,7.239682,0.9365268,11,0.9399728,0.9803241,0.2364572,0.0814477,0.5014806,0.8027965,0.1740921,0,,
47035,Wetzlar,1891,,1406.456,7.248828,0.9365268,11,,,,,,,,0,2,0.6931472
47035,Wetzlar,1896,,1554.527,7.348927,0.9365268,11,,,,,,,,0,,
47035,Wetzlar,1901,,1902.69,7.551024,0.9365268,11,,,,,,,,0,2.25,0.8109302
47035,Wetzlar,1906,,2103.973,7.651583,0.9365268,11,,,,,,,,0,,
47035,Wetzlar,1911,0.800056,1743.659,7.463741,0.9365268,11,,,,,,,,0,,
47036,Wied,1886,,1333.498,7.195561,0.3807156,11,0.3634337,0.949757,0.2441857,0.0722508,0.5076693,0.7277327,0.1693404,0,,
47036,Wied,1891,,1347.529,7.206028,0.3807156,11,,,,,,,,0,2,0.6931472
47036,Wied,1896,,1471.217,7.293845,0.3807156,11,,,,,,,,0,,
47036,Wied,1901,,1809.006,7.500533,0.3807156,11,,,,,,,,0,2.4,0.8754688
47036,Wied,1906,,1940.289,7.570592,0.3807156,11,,,,,,,,0,,
47036,Wied,1911,0.4494234,1903.005,7.55119,0.3807156,11,,,,,,,,0,,
49001,Bielefeld,1886,0.395693,1533.745,7.335467,0.5091724,9,0.123165,0.9179856,0.2405998,0.0949982,0.5030785,0.6990545,0.2838053,1,,
49001,Bielefeld,1891,0.3758374,1652.143,7.409829,0.5091724,9,,,,,,,,1,1.73,0.5481214
49001,Bielefeld,1896,0.3650382,1717.238,7.448472,0.5091724,9,,,,,,,,1,,
49001,Bielefeld,1901,0.3254298,2113.727,7.656208,0.5091724,9,,,,,,,,1,2.15,0.7654679
49001,Bielefeld,1906,0.3097035,2228.266,7.708979,0.5091724,9,,,,,,,,1,,
49001,Bielefeld,1911,0.3101116,2062.326,7.63159,0.5091724,9,,,,,,,,1,,
49002,Bochum,1886,0.2790798,1758.967,7.472482,0.5667833,9,0.5602155,0.9386278,0.2736962,0.0400479,0.4396904,0.3952567,0.2856989,1,,
49002,Bochum,1891,0.282437,1907.083,7.55333,0.5667833,9,,,,,,,,1,2.25,0.8109302
49002,Bochum,1896,0.2482588,2060.702,7.630802,0.5667833,9,,,,,,,,1,,
49002,Bochum,1901,0.2448273,2490.177,7.820109,0.5667833,9,,,,,,,,1,2.575,0.9458495
49002,Bochum,1906,0.2234872,2569.493,7.851464,0.5667833,9,,,,,,,,1,,
49002,Bochum,1911,0.2133625,2619.768,7.870841,0.5667833,9,,,,,,,,1,,
49003,Dortmund,1886,0.2599157,1817.901,7.505438,0.6119773,9,0.6335033,0.9439113,0.2786104,0.0465223,0.4570378,0.439694,0.4754174,1,,
49003,Dortmund,1891,0.2673849,1878.578,7.53827,0.6119773,9,,,,,,,,1,2.056667,0.7210865
49003,Dortmund,1896,0.2475936,2076.596,7.638485,0.6119773,9,,,,,,,,1,,
49003,Dortmund,1901,0.2141412,2477.522,7.815014,0.6119773,9,,,,,,,,1,2.616667,0.9619012
49003,Dortmund,1906,0.1733922,2565.309,7.849834,0.6119773,9,,,,,,,,1,,
49003,Dortmund,1911,0.1593217,2619.401,7.870701,0.6119773,9,,,,,,,,1,,
49004,Gelsenkirchen,1886,,1724.393,7.452631,0.4308572,,,,,,,,,0,,
49004,Gelsenkirchen,1891,0.304753,1781.137,7.485007,0.4308572,,,,,,,,,0,,
49004,Gelsenkirchen,1896,0.3145413,1897.888,7.548497,0.4308572,,,,,,,,,0,,
49004,Gelsenkirchen,1901,0.297545,2229.281,7.709434,0.4308572,,,,,,,,,0,,
49004,Gelsenkirchen,1906,0.2600029,2530.688,7.836246,0.4308572,,,,,,,,,0,,
49004,Gelsenkirchen,1911,0.2412034,2588.853,7.85897,0.4308572,,,,,,,,,0,,
49005,Hagen,1886,0.1983338,1880.579,7.539335,,9,0.8472096,0.952408,0.2763265,0.0561996,0.4759328,0.5347708,0.2264982,0,,
49005,Hagen,1891,0.1807434,1929.986,7.565268,,9,,,,,,,,0,2.433333,0.8892621
49005,Hagen,1896,0.1744237,1898.116,7.548617,,9,,,,,,,,0,,
49005,Hagen,1901,,2294.858,7.738426,,9,,,,,,,,0,2.566667,0.942608
49005,Hagen,1906,0.1567635,2452.364,7.804808,,9,,,,,,,,0,,
49005,Hagen,1911,0.1444326,2394.488,7.780925,,9,,,,,,,,0,,
49006,Halle,1886,0.6209741,1445.22,7.276017,0.9718841,9,0.9725215,0.9407542,0.2530172,0.0851408,0.5176724,0.6563218,0.204921,1,,
49006,Halle,1891,0.6084102,1469.247,7.292506,0.9718841,9,,,,,,,,1,1.45,0.3715636
49006,Halle,1896,0.5997953,1533,7.334982,0.9718841,9,,,,,,,,1,,
49006,Halle,1901,0.6023766,1771.197,7.479411,0.9718841,9,,,,,,,,1,2,0.6931472
49006,Halle,1906,0.6020655,1795.446,7.493009,0.9718841,9,,,,,,,,1,,
49006,Halle,1911,0.5887538,1770.629,7.47909,0.9718841,9,,,,,,,,1,,
49007,Hamm,1886,0.4211522,1559.083,7.351853,0.6312066,9,0.6423706,0.9549508,0.263655,0.0748993,0.4908575,0.5757901,0.4624405,1,,
49007,Hamm,1891,0.4332688,1614.593,7.386838,0.6312066,9,,,,,,,,1,1.92,0.6523252
49007,Hamm,1896,0.4177932,1830.042,7.512094,0.6312066,9,,,,,,,,1,,
49007,Hamm,1901,0.3864771,2245.595,7.716726,0.6312066,9,,,,,,,,1,2.5,0.9162908
49007,Hamm,1906,0.3277095,2300.003,7.740666,0.6312066,9,,,,,,,,1,,
49007,Hamm,1911,0.2853066,2341.863,7.758702,0.6312066,9,,,,,,,,1,,
49008,Hattingen,1886,0.2837488,1628.189,7.395224,0.6485998,,,,,,,,,1,,
49008,Hattingen,1891,0.24428,1671.846,7.421684,0.6485998,,,,,,,,,1,,
49008,Hattingen,1896,0.2426329,1823.508,7.508518,0.6485998,,,,,,,,,1,,
49008,Hattingen,1901,0.2493723,2020.856,7.611277,0.6485998,,,,,,,,,1,,
49008,Hattingen,1906,0.2177371,2173.139,7.683928,0.6485998,,,,,,,,,1,,
49008,Hattingen,1911,0.2106164,2297.238,7.739463,0.6485998,,,,,,,,,1,,
49009,Herford,1886,0.5158906,1380.503,7.230204,0.965072,9,0.9675267,0.9190857,0.2696272,0.0708521,0.5105458,0.658856,0.2329966,1,,
49009,Herford,1891,0.5608786,1421.049,7.259151,0.965072,9,,,,,,,,1,1.68,0.5187938
49009,Herford,1896,0.5301436,1556.804,7.35039,0.965072,9,,,,,,,,1,,
49009,Herford,1901,0.4997409,1932.25,7.566441,0.965072,9,,,,,,,,1,1.97,0.6780335
49009,Herford,1906,0.4733079,2021.993,7.611839,0.965072,9,,,,,,,,1,,
49009,Herford,1911,0.43455,1894.707,7.54682,0.965072,9,,,,,,,,1,,
49010,Iserlohn,1886,0.3367117,1598.629,7.376902,0.5940649,9,0.6076664,0.9559763,0.27582,0.0599786,0.4888285,0.6261856,0.4633177,1,,
49010,Iserlohn,1891,0.3557009,1704.472,7.44101,0.5940649,9,,,,,,,,1,2.07,0.7275486
49010,Iserlohn,1896,0.3376839,1888.974,7.543789,0.5940649,9,,,,,,,,1,,
49010,Iserlohn,1901,0.3371682,2242.386,7.715296,0.5940649,9,,,,,,,,1,2.6,0.9555114
49010,Iserlohn,1906,0.2832683,2297.179,7.739437,0.5940649,9,,,,,,,,1,,
49010,Iserlohn,1911,0.2436896,2349.178,7.761821,0.5940649,9,,,,,,,,1,,
49011,Luebbecke,1886,0.8713675,1250.658,7.131425,0.988968,9,0.9886328,0.9340555,0.2640304,0.0767646,0.5189629,0.7356755,0.0568361,1,,
49011,Luebbecke,1891,0.8824837,1347.334,7.205884,0.988968,9,,,,,,,,1,1.5,0.4054651
49011,Luebbecke,1896,0.9116212,1456.557,7.283831,0.988968,9,,,,,,,,1,,
49011,Luebbecke,1901,0.8847581,1721.773,7.45111,0.988968,9,,,,,,,,1,1.8,0.5877866
49011,Luebbecke,1906,0.870254,1579.652,7.36496,0.988968,9,,,,,,,,1,,
49011,Luebbecke,1911,0.8705149,1795.288,7.49292,0.988968,9,,,,,,,,1,,
49012,Luedenscheid,1886,0.2769907,1546.405,7.343688,0.8979539,9,0.9286156,0.9685671,0.2592027,0.0650291,0.4797941,0.6674488,0.3312964,1,,
49012,Luedenscheid,1891,0.2600746,1625.577,7.393618,0.8979539,9,,,,,,,,1,2.28,0.8241754
49012,Luedenscheid,1896,0.2509983,1840.4,7.517738,0.8979539,9,,,,,,,,1,,
49012,Luedenscheid,1901,0.2420384,2122.913,7.660545,0.8979539,9,,,,,,,,1,2.58,0.9477894
49012,Luedenscheid,1906,0.219085,2257.339,7.721942,0.8979539,9,,,,,,,,1,,
49012,Luedenscheid,1911,0.1995871,2241.04,7.714695,0.8979539,9,,,,,,,,1,,
49013,Minden,1886,0.6495818,1320.96,7.186114,0.9476313,9,0.9433069,0.9466981,0.2540318,0.0661208,0.495693,0.665098,0.2797639,1,,
49013,Minden,1891,0.6056387,1440.964,7.273067,0.9476313,9,,,,,,,,1,1.85,0.6151857
49013,Minden,1896,0.5929896,1500.049,7.313253,0.9476313,9,,,,,,,,1,,
49013,Minden,1901,0.5762677,1737.034,7.459935,0.9476313,9,,,,,,,,1,1.92,0.6523252
49013,Minden,1906,0.5508926,1837.448,7.516133,0.9476313,9,,,,,,,,1,,
49013,Minden,1911,0.5253178,1853.689,7.524933,0.9476313,9,,,,,,,,1,,
49014,Muenster,1886,0.3885892,1391.301,7.237994,0.0523699,9,0.0276284,0.9480017,0.2137266,0.0997172,0.5006101,0.7002527,0.2429386,1,,
49014,Muenster,1891,0.3391854,1422.425,7.260118,0.0523699,9,,,,,,,,1,1.661429,0.5076778
49014,Muenster,1896,0.3662722,1587.071,7.369646,0.0523699,9,,,,,,,,1,,
49014,Muenster,1901,0.32604,1856.922,7.526675,0.0523699,9,,,,,,,,1,2.171429,0.7753853
49014,Muenster,1906,0.3047315,2076.66,7.638516,0.0523699,9,,,,,,,,1,,
49014,Muenster,1911,0.2279443,2198.21,7.695399,0.0523699,9,,,,,,,,1,,
49015,Paderborn,1886,0.6080922,1493.094,7.308606,0.0722803,9,0.0612742,0.948406,0.2512062,0.0778347,0.5092146,0.7341623,0.2450912,1,,
49015,Paderborn,1891,0.5983568,1599.437,7.377407,0.0722803,9,,,,,,,,1,1.545,0.4350239
49015,Paderborn,1896,0.590884,1731.807,7.456921,0.0722803,9,,,,,,,,1,,
49015,Paderborn,1901,0.6199694,2022.369,7.612025,0.0722803,9,,,,,,,,1,2.07,0.7275486
49015,Paderborn,1906,0.5826259,2032.153,7.616851,0.0722803,9,,,,,,,,1,,
49015,Paderborn,1911,0.5720463,1972.822,7.58722,0.0722803,9,,,,,,,,1,,
49018,Siegen,1886,0.2103636,1483.974,7.302479,0.5698687,9,0.4342672,0.9854584,0.2562248,0.0616592,0.4924159,0.6994472,0.1797685,1,,
49018,Siegen,1891,0.2171762,1571.725,7.359929,0.5698687,9,,,,,,,,1,2.05,0.7178398
49018,Siegen,1896,0.2018077,1586.261,7.369135,0.5698687,9,,,,,,,,1,,
49018,Siegen,1901,0.1757831,1845.075,7.520275,0.5698687,9,,,,,,,,1,2.6,0.9555114
49018,Siegen,1906,0.1506287,1880.437,7.539259,0.5698687,9,,,,,,,,1,,
49018,Siegen,1911,0.1372247,1988.054,7.594912,0.5698687,9,,,,,,,,1,,
49019,Soest,1886,0.5496652,1431.878,7.266742,0.1478565,9,0.1262756,0.9634363,0.2550735,0.074756,0.5026057,0.6925246,0.2804682,1,,
49019,Soest,1891,0.5729017,1451.249,7.28018,0.1478565,9,,,,,,,,1,1.66,0.5068176
49019,Soest,1896,0.5843636,1587.575,7.369963,0.1478565,9,,,,,,,,1,,
49019,Soest,1901,0.5565916,1890.042,7.544354,0.1478565,9,,,,,,,,1,2.096,0.7400308
49019,Soest,1906,0.5000581,1930.109,7.565331,0.1478565,9,,,,,,,,1,,
49019,Soest,1911,0.4700067,1847.34,7.521502,0.1478565,9,,,,,,,,1,,
49020,Tecklenburg,1886,0.3067437,1332.975,7.195169,0.3345378,9,0.3385755,0.9495277,0.2296303,0.090477,0.5043479,0.7777045,0.1578978,1,,
49020,Tecklenburg,1891,0.3066109,1369.722,7.222363,0.3345378,9,,,,,,,,1,1.71,0.5364934
49020,Tecklenburg,1896,0.2850321,1570.322,7.359036,0.3345378,9,,,,,,,,1,,
49020,Tecklenburg,1901,0.2789122,1799.617,7.495329,0.3345378,9,,,,,,,,1,2,0.6931472
49020,Tecklenburg,1906,0.2690858,2007.627,7.604709,0.3345378,9,,,,,,,,1,,
49020,Tecklenburg,1911,0.2563476,1925.361,7.562869,0.3345378,9,,,,,,,,1,,
49023,Wittgenstein,1886,0.2836161,1289.097,7.161697,0.9452866,9,0.9454242,0.9727574,0.2666633,0.0847483,0.5233716,0.7949871,0.1965739,1,,
49023,Wittgenstein,1891,0.2925002,1300.306,7.170355,0.9452866,9,,,,,,,,1,1.8,0.5877866
49023,Wittgenstein,1896,0.2909651,1377.536,7.228052,0.9452866,9,,,,,,,,1,,
49023,Wittgenstein,1901,0.2968935,1412.028,7.252782,0.9452866,9,,,,,,,,1,2,0.6931472
49023,Wittgenstein,1906,0.2703245,1481.038,7.300499,0.9452866,9,,,,,,,,1,,
49023,Wittgenstein,1911,0.2506797,1732.737,7.457458,0.9452866,9,,,,,,,,1,,
